issue_id,text_id,text,code,label
1482681,6,Attached file Bug 1482681 - Fix load iframe in tab context menu. — Details,AUTO_ATTACH_CODE_IMPLEMENTATION,0
1485422,3,Attached image wip screenshot — Details,AUTO_ATTACH_SCREENSHOT,0
1506200,5,"Attached file Bug 1506200 - Remove ReadableStream EmbeddingFlags. r?baku,jwalden — Details",AUTO_ATTACH_CODE_IMPLEMENTATION,0
1510786,14,Attached file dav1d-build-bug-ppc64-s390x — Details,AUTO_ATTACH_CODE_IMPLEMENTATION,0
1510786,18,Attached file Bug 1510786 - Add configuration header for ppc64 and s390x. r?glandium — Details,AUTO_ATTACH_CODE_IMPLEMENTATION,0
1515665,18,Attached patch part 1 - partitioned storage renamed (obsolete) — Details — Splinter Review,AUTO_ATTACH_CODE_IMPLEMENTATION,0
1515665,20,Attached patch part 3 - reject_cookie policy (obsolete) — Details — Splinter Review,AUTO_ATTACH_CODE_IMPLEMENTATION,0
1515665,21,Attached patch part 4 - tests (obsolete) — Details — Splinter Review,AUTO_ATTACH_CODE_IMPLEMENTATION,0
1515665,26,Attached patch part 2 - SessionStorage and ePartitionedOrDeny (obsolete) — Details — Splinter Review,AUTO_ATTACH_CODE_IMPLEMENTATION,0
1515665,27,Attached patch part 3 - tests (obsolete) — Details — Splinter Review,AUTO_ATTACH_CODE_IMPLEMENTATION,0
1515665,32,Attached patch part 4 - tests — Details — Splinter Review,AUTO_ATTACH_CODE_IMPLEMENTATION,0
1515665,40,Attached patch part 1 - exposed PartitionedOrDeny differently — Details — Splinter Review,AUTO_ATTACH_CODE_IMPLEMENTATION,0
1565273,30,Attached patch bug_1565273_beta.diff (obsolete) — Details — Splinter Review,AUTO_ATTACH_CODE_IMPLEMENTATION,0
1565273,33,Attached file Bug 1565273 - Remove unnecessary console.logs. r?mak — Details,AUTO_ATTACH_CODE_IMPLEMENTATION,0
1820814,3,Attached file Bug 1820814: Dispatch these DisconnectIfExists calls to the call thread. r?pehrsons — Details,AUTO_ATTACH_CODE_IMPLEMENTATION,0
1818468,2,Attached file Bug 1818468 - Throw `signal.reason` when already aborted in `navigator.locks.request` r=evilpie — Details,AUTO_ATTACH_CODE_IMPLEMENTATION,0
1811466,2,Attached video Video of the bad behaviour and the correct one — Details,AUTO_ATTACH_SCREENSHOT,0
1811466,8,Attached file Bug 1811466 - Restore menubar activation behavior from before bug 1811466. r=smaug — Details,AUTO_ATTACH_CODE_IMPLEMENTATION,0
1809080,6,Attached file pr 15907: Fix pinch-to-zoom on a macbook trackpad (bug 1809080) — Details,AUTO_ATTACH_CODE_IMPLEMENTATION,0
1794406,3,"Attached file Bug 1794406 - Report more specific error messages when buffer.mapAsync fails. r=jgilbert,jimb — Details",AUTO_ATTACH_CODE_IMPLEMENTATION,0
1792203,2,Attached file Bug 1792203 - Add gtest coverage for AsyncBlockers r?nika! — Details,AUTO_ATTACH_CODE_IMPLEMENTATION,0
1790543,4,Attached file Detailed Crash Information — Details,AUTO_ATTACH_STACK_TRACE,0
1790543,5,Attached file Testcase — Details,AUTO_ATTACH_TEST_CASES,0
1790543,7,Bugmon Analysis Verified bug as reproducible on mozilla-central 20220912214055-b66bbbcc4467. The bug appears to have been introduced in the following build range: Start: 747c206e4fd85e5ef30f5290872fde2204105c61 (20220912124208) End: 1e48e6bda87186e8bef21870b7039f4f4f915007 (20220912124713) Pushlog: https://hg.mozilla.org/integration/autoland/pushloghtml?fromchange=747c206e4fd85e5ef30f5290872fde2204105c61&tochange=1e48e6bda87186e8bef21870b7039f4f4f915007,SOLUTION_VERIFICATION,0
1769254,28,Attached file Bug 1769254 - Check for null texture host. r?aosmond — Details,AUTO_ATTACH_CODE_IMPLEMENTATION,0
1769254,33,Attached file Bug 1769254 - Add TextureHost type check for using update in AsyncImagePipelineManager::UpdateImageKeys() — Details,AUTO_ATTACH_CODE_IMPLEMENTATION,0
1769085,6,Attached file Bug 1769085 - Fix PBM tests to handle opening Spotlight — Details,AUTO_ATTACH_CODE_IMPLEMENTATION,0
1768744,3,Attached file Bug 1768744 - Add aria-current to active theme button. r=dao — Details,AUTO_ATTACH_CODE_IMPLEMENTATION,0
1764716,5,Attached file Detailed Crash Information — Details,AUTO_ATTACH_STACK_TRACE,0
1764716,6,Attached file Testcase — Details,AUTO_ATTACH_TEST_CASES,0
1764716,11,Bugmon Analysis Verified bug as reproducible on mozilla-central 20220414092955-6c55ba30c858. The bug appears to have been introduced in the following build range: Start: 85290d18c6eeab2c1b741e2c92d2b6eaa252a7d5 (20220412213655) End: 4f936f5e57c8e7c6b25d95e167a4480cbd61fc46 (20220413180638) Pushlog: https://hg.mozilla.org/mozilla-central/pushloghtml?fromchange=85290d18c6eeab2c1b741e2c92d2b6eaa252a7d5&tochange=4f936f5e57c8e7c6b25d95e167a4480cbd61fc46,SOLUTION_VERIFICATION,0
1762292,2,Attached image single zap example — Details,AUTO_ATTACH_SCREENSHOT,0
1762292,5,Attached file Bug 1762292 - Turn on Zap for hero text r=mviar — Details,AUTO_ATTACH_CODE_IMPLEMENTATION,0
1761826,2,Attached file Bug 1761826 - Enable disallowing relaxing referrer policies. r?#anti-tracking-reviewers — Details,AUTO_ATTACH_CODE_IMPLEMENTATION,0
1761435,2,Attached file Bug 1761435 [Wayland] Store only move-to-rect popup size r?emilio — Details,AUTO_ATTACH_CODE_IMPLEMENTATION,0
1751919,4,Attached file Bug 1751919 - Crash in [@ mozilla::dom::SessionHistoryEntry::ReplaceWith]. r?smaug! — Details,AUTO_ATTACH_CODE_IMPLEMENTATION,0
1748376,2,Attached file Bug 1748376 - Enable more wpt page-name tests with the proper pref. — Details,AUTO_ATTACH_CODE_IMPLEMENTATION,0
1742770,7,Attached file Detailed Crash Information — Details,AUTO_ATTACH_STACK_TRACE,0
1742770,8,Attached file Testcase — Details,AUTO_ATTACH_TEST_CASES,0
1742770,12,Attached file Bug 1742770 - Properly validate URI for null principals. r?nika — Details,AUTO_ATTACH_CODE_IMPLEMENTATION,0
1733898,3,Attached file Bug 1733898: Support pagination when downloading a test262 pull request. r=mgaudet! — Details,AUTO_ATTACH_CODE_IMPLEMENTATION,0
1728953,3,Attached file Bug 1728953 - Remove unused flag from nsXULPrototypeCache. r?kmag! — Details,AUTO_ATTACH_CODE_IMPLEMENTATION,0
1718748,2,Attached image Peek 2021-06-30 13-34.gif — Details,AUTO_ATTACH_SCREENSHOT,0
1718031,3,Attached file Bug 1718031 - Intermittent [tier2] TV toolkit/components/nimbus/test/browser/browser_remotesettingsexperimentloader_remote_defaults.js — Details,AUTO_ATTACH_CODE_IMPLEMENTATION,0
1717682,2,Attached file Bug 1717682 - Newtab Pocket layout for compact 4 card layout (obsolete) — Details,AUTO_ATTACH_CODE_IMPLEMENTATION,0
1716655,2,Attached file testcase.html — Details,AUTO_ATTACH_TEST_CASES,0
1715838,4,Attached file Bug 1715838 - Creates preference for new screenshot components. r?emalysz — Details,AUTO_ATTACH_CODE_IMPLEMENTATION,0
1706916,2,"Attached file Bug 1706916 - Land some in-tree docs for TRR r=#necko,nhnt11 — Details",AUTO_ATTACH_CODE_IMPLEMENTATION,0
1705327,2,UX recommends not showing this infobar notification unless there is a significant security reason to include it,PROBLEM_MOTIVATION,0
1689742,3,Attached file Bug 1689742 - Stop using XUL <deck> for #setDefaultPane. — Details,AUTO_ATTACH_CODE_IMPLEMENTATION,0
1683093,2,Attached file Bug 1683093 - Remove MCompare::determineCompareType. r?jandem — Details,AUTO_ATTACH_CODE_IMPLEMENTATION,0
1677183,4,Attached file Bug 1677183 - Implement WebGPU's Queue.copyExternalImageToTexture. r=jgilbert — Details,AUTO_ATTACH_CODE_IMPLEMENTATION,0
1677183,5,"Here's what I ended up thinking about CORS: Only DOM element objects have CORS. Both DOM element objects and non-DOM objects have ""origin-clean"" flags. In Gecko, we implement origin-clean via isWriteOnly, where origin-clean IFF !isWriteOnly. See https://html.spec.whatwg.org/multipage/canvas.html#the-image-argument-is-not-origin-clean for how CORS becomes origin-clean = false. See https://html.spec.whatwg.org/multipage/canvas.html#security-with-canvas-elements for how this propagates. In particular: All bitmaps start with their origin-clean set to true. The flag is set to false when cross-origin images are used. The value of the origin-clean flag is propagated from a source canvas element's bitmap to a new ImageBitmap object by createImageBitmap(). Conversely, a destination canvas element's bitmap will have its origin-clean flags set to false by drawImage if the source image is an ImageBitmap object whose bitmap has its origin-clean flag set to false. I think we might have some of our CORS checks wrong, but I want to think more about it. But this is unblocked and good to land.",CODE_REVIEW,0
1666607,6,Attached file testcase.html — Details,AUTO_ATTACH_TEST_CASES,0
1666607,7,Attached file prefs.js — Details,AUTO_ATTACH_TEST_CASES,0
1651593,5,Attached file Bug 1651593 - Check the return value of db::GetKnownBodyIds(); — Details,AUTO_ATTACH_CODE_IMPLEMENTATION,0
1647930,4,Attached file Bug 1647930 - Create urlbar.update2 prefs. r?adw — Details,AUTO_ATTACH_CODE_IMPLEMENTATION,0
1645527,3,"Attached file Bug 1645527 - P1 AssociateApplicationCache should be sent in PHttpChannel::OnStartRequest, r=mayhemer — Details",AUTO_ATTACH_CODE_IMPLEMENTATION,0
1644719,2,Attached file Bug 1644719 - Add a new API that tells us if SUMO is unreachable. r=prathiksha (obsolete) — Details,AUTO_ATTACH_CODE_IMPLEMENTATION,0
1644719,3,Attached file Bug 1644719 - Add a new API that tells us if SUMO is unreachable. r=prathiksha (obsolete) — Details,AUTO_ATTACH_CODE_IMPLEMENTATION,0
1640135,5,Summary: Consider use separate attribute to store first-party domain for dFPI → Consider using separate attribute to store first-party domain for dFPI,ISSUE_METADATA_CHANGE,0
1640135,6,Attached file Bug 1640135 - P1: add new attribute for dFPI; — Details,AUTO_ATTACH_CODE_IMPLEMENTATION,0
1634650,10,Attached file Bug 1634650 - Add whitelisting of domain suffixes for URIFixup. r=harry — Details,AUTO_ATTACH_CODE_IMPLEMENTATION,0
1630806,4,Attached file Bug 1630806 - Update pdf.js to version 2.5.95. r=bdahl — Details,AUTO_ATTACH_CODE_IMPLEMENTATION,0
1629902,3,Attached file Bug 1629902 - Use nsICookieManager.getCookiesSince() to get cookies in PurgeTrackerService.jsm. r?ewright! — Details,AUTO_ATTACH_CODE_IMPLEMENTATION,0
1626111,3,Attached file Bug 1626111 - Fix two variable names in Matrix4x4TypedFlagged::TransformAndClipBounds. r=bas — Details,AUTO_ATTACH_CODE_IMPLEMENTATION,0
1623400,2,Attached image bug.png — Details,AUTO_ATTACH_SCREENSHOT,0
1623400,38,"Ok, so doing a few experiments using a python web client: > pypy/bin/wsdump.py -vvv --headers=""Sec-Fetch-Dest: websocket,Sec-Fetch-Mode: websocket,Sec-Fetch-Site: cross-site,Sec-WebSocket-Extensions: permessage-deflate,Sec-WebSocket-Protocol: push-notification"" wss://push.services.mozilla.com --- request header --- GET / HTTP/1.1 Upgrade: websocket Connection: Upgrade Host: push.services.mozilla.com Origin: http://push.services.mozilla.com Sec-WebSocket-Key: EXTeF8flvgcy/dU5uWp0iQ== Sec-WebSocket-Version: 13 Sec-Fetch-Dest: websocket Sec-Fetch-Mode: websocket Sec-Fetch-Site: cross-site Sec-WebSocket-Extensions: permessage-deflate Sec-WebSocket-Protocol: push-notification ----------------------- --- response header --- HTTP/1.1 101 Switching Protocols Connection: Upgrade Upgrade: websocket Sec-WebSocket-Accept: fj9u9cHokh28aUGs4HJJj2PiHRM= ----------------------- Press Ctrl+C to quit > {""messageType"":""hello"",""use_webpush"":true} send: '\x81\xaam\xedTN\x16\xcf9+\x1e\x9e5)\x08\xb9->\x08\xcfnl\x05\x888""\x02\xcfxl\x18\x9e1\x11\x1a\x886>\x18\x9e<lW\x99&;\x08\x90' < text: {""messageType"":""hello"",""uaid"":""6db91383b70b49f8b06aec12b2e00bfb"",""status"":200,""use_webpush"":true,""broadcasts"":{}} > This is a successful connection to our push servers that uses the example headers provided in the above comment.",REPRODUCTION_ATTEMPT,0
1623400,45,Attached file Bug 1623400: Test SecFetch Headers and websockets. (obsolete) — Details,AUTO_ATTACH_CODE_IMPLEMENTATION,0
1623400,46,"I did a lot of testing trying to narrow down the problem, here is what I found out: a) I wrote a mochitest (see phabricator) which creates a websocket also attaching the three Sec-Fetch-Headers. The details about the websocket: URI: https://example.com/tests/dom/security/test/general/file_sec_fetch_websocket Sec-Fetch-Dest: websocket Sec-Fetch-Mode: websocket Sec-Fetch-Site: cross-site Running the mochitest -> works b) I tested https://gauntface.github.io/simple-push-demo/ using all kinds of settings: The details about the websocket: URI: https://push.services.mozilla.com/ Sec-Fetch-Dest: websocket Sec-Fetch-Mode: websocket Sec-Fetch-Site: cross-site I tested sending all three headers -> failure I tested sending only the first two headers -> works I tested sending only the third header -> works Is it possible that there are some server side size constraints on request headers? Given that I also wrote a mochitest which works correctly, I still think the problem must be somewhere on the server.",PROBLEM_REVIEW,0
1623400,49,"Using websocat from my windows platform: > .\websocat_win64.exe -vvv --header=""Sec-Fetch-Dest: websocket"" --header=""Sec-Fetch-Mode: websocket"" --header=""Sec-Fetch-Site: cross-site"" --header=""Sec-WebSocket-Extensions: permessage-deflate"" --header=""Sec-WebSocket-Protocol: push-notification"" wss://push.services.mozilla.com [INFO websocat::lints] Auto-inserting the line mode [DEBUG websocat] Done third phase of interpreting options. [DEBUG websocat] Done fourth phase of interpreting options. [DEBUG websocat] Preparation done. Now actually starting. [INFO websocat::sessionserve] Serving Line2Message(ThreadedStdio) to Message2Line(WsClient(""wss://push.services.mozilla.com/"")) with Options { websocket_text_mode: true, websocket_protocol: None, websocket_reply_protocol: None, udp_oneshot_mode: false, unidirectional: false, unidirectional_reverse: false, exit_on_eof: false, oneshot: false, unlink_unix_socket: false, exec_args: [], ws_c_uri: ""ws://0.0.0.0/"", linemode_strip_newlines: false, linemode_strict: false, origin: None, custom_headers: [(""Sec-Fetch-Dest"", [119, 101, 98, 115, 111, 99, 107, 101, 116]), (""Sec-Fetch-Mode"", [119, 101, 98, 115, 111, 99, 107, 101, 116]), (""Sec-Fetch-Site"", [99, 114, 111, 115, 115, 45, 115, 105, 116, 101]), (""Sec-WebSocket-Extensions"", [112, 101, 114, 109, 101, 115, 115, 97, 103, 101, 45, 100, 101, 102, 108, 97, 116, 101]), (""Sec-WebSocket-Protocol"", [112, 117, 115, 104, 45, 110, 111, 116, 105, 102, 105, 99, 97, 116, 105, 111, 110])], custom_reply_headers: [], websocket_version: None, websocket_dont_close: false, one_message: false, no_auto_linemode: false, buffer_size: 65536, broadcast_queue_len: 16, read_debt_handling: Warn, linemode_zero_terminated: false, restrict_uri: None, serve_static_files: [], exec_set_env: false, reuser_send_zero_msg_on_disconnect: false, process_zero_sighup: false, process_exit_sighup: false, socks_destination: None, auto_socks5: None, socks5_bind_script: None, tls_domain: None, tls_insecure: false, headers_to_env: [], max_parallel_conns: None, ws_ping_interval: None, ws_ping_timeout: None } [INFO websocat::stdio_threaded_peer] get_stdio_peer (threaded) [DEBUG websocat::sessionserve] Underlying connection established [INFO websocat::ws_client_peer] get_ws_client_peer [INFO websocat::ws_client_peer] Connected to ws {""messageType"":""hello"",""use_webpush"":true} [DEBUG websocat::ws_peer] incoming text {""messageType"":""hello"",""uaid"":""7c8e82bae21d4fc2bacce8ad63d7d9b4"",""status"":200,""use_webpush"":true,""broadcasts"":{}} ^D [DEBUG websocat::ws_peer] incoming close [DEBUG websocat::my_copy] BrokenPipe: read_done [DEBUG websocat::my_copy] done [INFO websocat::sessionserve] Reverse finished [INFO websocat::sessionserve] Reverse shutdown finished [DEBUG websocat::my_copy] zero len [DEBUG websocat::my_copy] read_done While it's a bit hard to read through that output with the verbosity set high, note that I entered {""messageType"":""hello"",""use_webpush"":true} (which is a proper WebPush ""hello"" message) and received back: {""messageType"":""hello"",""uaid"":""7c8e82bae21d4fc2bacce8ad63d7d9b4"",""status"":200,""use_webpush"":true,""broadcasts"":{}} which is the expected response. Note also that I used the following --header arguments and that they were relayed in the websocat::sessionserve body: Sec-Fetch-Dest: websocket Sec-Fetch-Mode: websocket Sec-Fetch-Site: cross-site Sec-WebSocket-Extensions: permessage-deflate Sec-WebSocket-Protocol: push-notification These include the headers you note. including Sec-Fetch-Dest: websocket which you report as not working. (The sessionserve message transcribes the values of these strings into byte arrays, so some use of an ascii chart may be required to verify.) What this means is that a simple client that specifies these headers and values is indeed able to send and receive data from the mozilla WebPush servers. Look, I don't want to be contrarian or sound overly negative here, but I feel like we're arguing that the road must be broken because your car won't start after you changed the oil. I understand that firefox is a highly complex virtual machine. Far more complex than the push server. That's why I'm trying to provide as much tooling as possible so that you can solve this problem. It may not be with the code responsible for writing these headers (again, highly complex virtual machine), but it could be surfacing because of some inter-relationship around how the browser should act regarding handling these headers. I don't know, either. In fact, if you like, you can run a fake Push Server locally, and alter dom.push.serverURL to point to it. (Websocket is an upgraded HTTP connection, so the server should listen on ports 80 for (ws://) or 443 (for wss://) just like a normal HTTP server.) The client should connect and send the ""hello"" message I've been using. (I'll remind that firefox tends to treat localhost specially, so it might be worth trying a different address as well.) I am not sure how I can possibly proceed on this further. I completely agree that firefox 76.0a1 (2020-03-18+) is unable to properly communicate to the server in order to initiate a push connection. This is not the case for older versions of firefox, or independent clients. I have neither the tools nor experience in order to work out why the internal websocket channels within firefox in order to further diagnose or resolve this issue, but continue to be happy to assist where I can. I will gleefully fix and frankly be in rapture if this does turn out to be a server side issue but I am unable to replicate it using anything other than firefox 76.0a1 (2020-03-18+) which, again, leads me to believe that the problem is not with the server.",PROBLEM_REVIEW,0
1618477,2,Attached video permission prompt issue.mp4 (obsolete) — Details,AUTO_ATTACH_SCREENSHOT,0
1618477,6,Attached video Permission prompt issue.mp4 — Details,AUTO_ATTACH_SCREENSHOT,0
1614706,6,Attached file Detailed Crash Information — Details,AUTO_ATTACH_STACK_TRACE,0
1600320,7,Attached file Detailed Crash Information — Details,AUTO_ATTACH_STACK_TRACE,0
1584273,3,Attached file Bug 1584273 - Disable the megabar animation when prefers-reduced-motion is true. r?dao — Details,AUTO_ATTACH_CODE_IMPLEMENTATION,0
1581315,5,Attached file Bug 1581315 part 3. Add MOZ_MUST_RETURN_FROM_CALLER_IF_THIS_IS_ARG to more ErrorResult methods. r=smaug — Details,AUTO_ATTACH_CODE_IMPLEMENTATION,0
1579004,4,Attached image bar-states.png — Details,AUTO_ATTACH_SCREENSHOT,0
1576778,5,Attached file Bug 1576778 - Missing comment changes and typo in SitePermissions.jsm r=pbz — Details,AUTO_ATTACH_CODE_IMPLEMENTATION,0
1576600,2,Attached image Peek 2019-08-26 14-28.gif — Details,AUTO_ATTACH_SCREENSHOT,0
1576600,9,Attached file Bug 1576600 - Ensure Learn More link is visible in dark mode. r=andreio — Details,AUTO_ATTACH_CODE_IMPLEMENTATION,0
1574259,5,Attached file Bug 1574259 - Improve resource management in ReauthenticateUserWindows r=keeler — Details,AUTO_ATTACH_CODE_IMPLEMENTATION,0
1571487,40,Attached file MDN: Browser compatibility table update — Details,AUTO_ATTACH_CODE_IMPLEMENTATION,0
1571124,4,Attached file Bug 1571124: Calculate the data size of a JSScript dynamically. — Details,AUTO_ATTACH_CODE_IMPLEMENTATION,0
1570673,5,Attached file Bug 1570673 - Add mochitest. r?bwc — Details,AUTO_ATTACH_CODE_IMPLEMENTATION,0
1569123,5,Attached file Bug 1569123 - Re-enable strict MIME type checking for Worker/SharedWorker everywhere. r?ckerschb — Details,AUTO_ATTACH_CODE_IMPLEMENTATION,0
1569123,17,Attached file Bug 1569123 - Re-enable strict MIME type checking for Worker/SharedWorker everywhere. r?ckerschb — Details,AUTO_ATTACH_CODE_IMPLEMENTATION,0
1569123,18,"I'm updating the MDN docs for this - release note here. The only thing I think might be incorrect in the docs is the note on Worker/SharedWorker: ""A NetworkError is raised if the MIME type of the worker script is incorrect. It should always be text/javascript.""",ADDITIONAL_CONSIDERATION,0
1560574,3,Attached file Bug 1560574 - use FormatPRExplodedTime to display GMT; — Details,AUTO_ATTACH_CODE_IMPLEMENTATION,0
1537936,3,Attached file Bug 1537936 part 1 - Remove miscellaneous uses of pn_op. — Details,AUTO_ATTACH_CODE_IMPLEMENTATION,0
1528712,2,"Attached file Bug 1528712 - Remove a couple trivial dependencies on nsPresContext. r=#style,jfkthame — Details",AUTO_ATTACH_CODE_IMPLEMENTATION,0
1526439,3,Attached file Bug 1526439 - Add an enteprise policy for extension updates. — Details,AUTO_ATTACH_CODE_IMPLEMENTATION,0
1521066,6,Attached file testcase — Details,AUTO_ATTACH_TEST_CASES,0
1519164,6,Attached file Bug 1519164 - Update content blocking UI tour url. r=nhnt11 — Details,AUTO_ATTACH_CODE_IMPLEMENTATION,0
1324183,2,Attached patch part-1-remove-Windows-version-checks.patch — Details — Splinter Review,AUTO_ATTACH_CODE_IMPLEMENTATION,0
1373154,14,"Well, this is weird. I did a bunch of try pushes and it clearly shows that part 1 is the culprit. Harmless looking part 1! Here's a run with just part 1 applied: https://treeherder.mozilla.org/#/jobs?repo=try&revision=a877377b61c2b0742e0e9fd6ae323f9ed824cc3e&selectedJob=107575159 (I also did a try run with no patches applied, just to be sure. It was all green.) The most relevant part of the crash info is this thread: > Thread 22 > 0 ntdll.dll!KiFastSystemCallRet + 0x0 > 1 ntdll.dll!ZwWaitForKeyedEvent + 0xc > 2 ntdll.dll!RtlpWaitCouldDeadlock + 0x35 > 3 mozglue.dll!mozilla::detail::MutexImpl::lock() [Mutex_windows.cpp:a877377b61c2 : 27 + 0x7] > 4 mozglue.dll!mozilla::detail::MutexImpl::lock() [Mutex_windows.cpp:a877377b61c2 : 27 + 0x7] > 5 xul.dll!profiler_suspend_and_sample_thread(int,std::function<void > const &,bool) [platform.cpp:a877377b61c2 : 3070 + 0x17] > 6 xul.dll!mozilla::ThreadStackHelper::GetStacksInternal(mozilla::Telemetry::HangStack *,std::vector<unsigned int,std::allocator<unsigned int> > *) [ThreadStackHelper.cpp:a877377b61c2 : 152 + 0x25] > 7 xul.dll!mozilla::BackgroundHangManager::RunMonitorThread() [BackgroundHangMonitor.cpp:a877377b61c2 : 345 + 0xb] > 8 xul.dll!mozilla::BackgroundHangManager::MonitorThread(void *) [BackgroundHangMonitor.cpp:a877377b61c2 : 67 + 0xb] > 9 nss3.dll!_PR_NativeRunThread [pruthr.c:a877377b61c2 : 397 + 0x6] > 10 nss3.dll!pr_root [w95thred.c:a877377b61c2 : 95 + 0xa] > 11 ucrtbase.dll!_o__CIpow + 0x4f > 12 kernel32.dll!BaseThreadInitThunk + 0x12 > 13 mozglue.dll!patched_BaseThreadInitThunk [WindowsDllBlocklist.cpp:a877377b61c2 : 849 + 0x15] > 14 ntdll.dll!__RtlUserThreadStart + 0x27 > 15 ntdll.dll!_RtlUserThreadStart + 0x1b It's crashing on the `PSAutoLock lock(gPSMutex)` line in profiler_suspend_and_sample_thread(). I can't tell from the treeherder log if this is really a crash or a hang. A couple of other threads are waiting to lock the mutex in TimeStamp_windows.cpp. I wonder if that's relevant, given that part 1 only changed some calls to TimeStamp::Now(). Even weirder, I did a try run yesterday with all three patches applied that was fine: https://treeherder.mozilla.org/#/jobs?repo=try&revision=6da4c3baa7971e936bf8e541c00468b4f883cf84&selectedJob=107272738",SOLUTION_VERIFICATION,0
698552,6,Attached patch Update configure.in to require at least NSS 3.13.2 for --use-system-nss — Details — Splinter Review,AUTO_ATTACH_CODE_IMPLEMENTATION,0
1116867,2,Attached file assertion stack — Details,AUTO_ATTACH_STACK_TRACE,0
991812,4,Attached patch Patch for AtomicRefCounted — Details — Splinter Review,AUTO_ATTACH_CODE_IMPLEMENTATION,0
552359,22,Attached patch Patch for placeholder-7.html — Details — Splinter Review,AUTO_ATTACH_CODE_IMPLEMENTATION,0
1003694,2,Attached file stack — Details,AUTO_ATTACH_STACK_TRACE,0
1003694,7,Attached patch Settle on first frame by skipping all allocations. — Details — Splinter Review,AUTO_ATTACH_CODE_IMPLEMENTATION,0
1118597,5,Attached patch 1118597.patch (obsolete) — Details — Splinter Review,AUTO_ATTACH_CODE_IMPLEMENTATION,0
1118597,6,Attached patch 1118597-enable-moofparser-eme.patch — Details — Splinter Review,AUTO_ATTACH_CODE_IMPLEMENTATION,0
983489,26,Attached patch 983489.patch (obsolete) — Details — Splinter Review,AUTO_ATTACH_CODE_IMPLEMENTATION,0
983489,40,Attached patch 983489.patch v3 (obsolete) — Details — Splinter Review,AUTO_ATTACH_CODE_IMPLEMENTATION,0
1066726,43,"You can push it to Try like any other branch. Just don't expect sane results from test suites that normally don't run on it. As for what needs addressing: (In reply to Ryan VanderMeulen [:RyanVM UTC-4] from comment #37) > That said, https://treeherder.mozilla.org/ui/logviewer.html#?job_id=2961089&repo=try > looks real to me.",ANSWER_TO_QUESTION,0
1439571,12,Attached patch Remove fuzzy-if — Details — Splinter Review,AUTO_ATTACH_CODE_IMPLEMENTATION,0
779500,3,Attached patch option MOZ_B2G_FM (obsolete) — Details — Splinter Review,AUTO_ATTACH_CODE_IMPLEMENTATION,0
779500,4,"Attached patch DOMFmManager, FmAdaptor and FmAntenna (obsolete) — Details — Splinter Review",AUTO_ATTACH_CODE_IMPLEMENTATION,0
779500,5,Attached patch Fallback service (obsolete) — Details — Splinter Review,AUTO_ATTACH_CODE_IMPLEMENTATION,0
779500,6,Attached patch Add Permissions (obsolete) — Details — Splinter Review,AUTO_ATTACH_CODE_IMPLEMENTATION,0
779500,7,Attached patch ServiceStartup (obsolete) — Details — Splinter Review,AUTO_ATTACH_CODE_IMPLEMENTATION,0
779500,176,Attached patch nsIDOMFMRadio IDL — Details — Splinter Review,AUTO_ATTACH_CODE_IMPLEMENTATION,0
779500,202,"Attached patch all-in-one patch, v1 (obsolete) — Details — Splinter Review",AUTO_ATTACH_CODE_IMPLEMENTATION,0
779500,316,"Attached patch all-in-one patch, v4 (obsolete) — Details — Splinter Review",AUTO_ATTACH_CODE_IMPLEMENTATION,0
779500,317,"Attached patch all-in-one patch, v4 (obsolete) — Details — Splinter Review",AUTO_ATTACH_CODE_IMPLEMENTATION,0
985257,3,Attached patch Bug 985257 - add implementation for Path2D constructor that takes an SVG path string (obsolete) — Details — Splinter Review,AUTO_ATTACH_CODE_IMPLEMENTATION,0
985257,4,Attached patch Bug 985257 - add implementation for Path2D constructor that takes an SVG path string (obsolete) — Details — Splinter Review,AUTO_ATTACH_CODE_IMPLEMENTATION,0
985257,10,Attached patch Bug 985257 - add implementation + test for Path2D constructor that takes an SVG path string (obsolete) — Details — Splinter Review,AUTO_ATTACH_CODE_IMPLEMENTATION,0
985257,14,Attached patch add implementation + test for Path2D constructor that takes an SVG path string — Details — Splinter Review,AUTO_ATTACH_CODE_IMPLEMENTATION,0
1298588,9,Attached patch part 1. Make StyleStructContext work with a const nsPresContext — Details — Splinter Review,AUTO_ATTACH_CODE_IMPLEMENTATION,0
1298588,10,Attached patch part 2. Pass through an nsPresContext to the PerDocumentStyleData constructor — Details — Splinter Review,AUTO_ATTACH_CODE_IMPLEMENTATION,0
1298588,11,Attached patch part 3. Add a default ComputedValues member to PerDocumentStyleData — Details — Splinter Review,AUTO_ATTACH_CODE_IMPLEMENTATION,0
1298588,12,Attached patch part 4. Recreate the default computed values for a document as needed — Details — Splinter Review,AUTO_ATTACH_CODE_IMPLEMENTATION,0
1298588,14,Attached patch part 6. Stop using initial_values when doing inheritance in Gecko glue code — Details — Splinter Review,AUTO_ATTACH_CODE_IMPLEMENTATION,0
1298588,15,Attached patch part 7. Stop using initial_values in general in Gecko glue code — Details — Splinter Review,AUTO_ATTACH_CODE_IMPLEMENTATION,0
1298588,16,"Attached patch part 8. Pass a SharedStyleContext, not a Stylist, to Legalizer methods — Details — Splinter Review",AUTO_ATTACH_CODE_IMPLEMENTATION,0
1298588,17,Attached patch part 9. Pass through useful default styles to cascade() — Details — Splinter Review,AUTO_ATTACH_CODE_IMPLEMENTATION,0
1298588,18,Attached patch part 10. Pass through useful default styles to apply_declarations() — Details — Splinter Review,AUTO_ATTACH_CODE_IMPLEMENTATION,0
1298588,19,Attached patch part 11. Pass through useful default styles to CascadePropertyFn — Details — Splinter Review,AUTO_ATTACH_CODE_IMPLEMENTATION,0
1298588,21,Attached patch part 14. Remove ComputedValues::initial_values for stylo — Details — Splinter Review,AUTO_ATTACH_CODE_IMPLEMENTATION,0
1298588,22,Attached patch part 15. Rip out the initial() methods on style structs in stylo — Details — Splinter Review,AUTO_ATTACH_CODE_IMPLEMENTATION,0
1298588,23,Attached patch part 16. Remove StyleStructContext — Details — Splinter Review,AUTO_ATTACH_CODE_IMPLEMENTATION,0
1298588,25,Attached patch Interdiff for part 16 to keep avoiding the assert — Details — Splinter Review,AUTO_ATTACH_CODE_IMPLEMENTATION,0
819493,14,Attached patch this patch moves the 'Know Your Rights' notification box to a snippet (obsolete) — Details — Splinter Review,AUTO_ATTACH_CODE_IMPLEMENTATION,0
819493,25,Attached patch Added unit tests and now passing serialized JSON between documents (obsolete) — Details — Splinter Review,AUTO_ATTACH_CODE_IMPLEMENTATION,0
819493,57,Attached patch Know Your Rights notification box has moved to be shown as default snippet on first startup (obsolete) — Details — Splinter Review,AUTO_ATTACH_CODE_IMPLEMENTATION,0
1029919,3,Attached file testcase (obsolete) — Details,AUTO_ATTACH_TEST_CASES,0
1029919,4,Attached file testcase — Details,AUTO_ATTACH_TEST_CASES,0
1029919,8,Attached image screenshot after :hover over buttons — Details,AUTO_ATTACH_SCREENSHOT,0
966240,4,"Attached patch Remove support for <meta http-equiv=""msthemecompatible"" content=""no""> — Details — Splinter Review",AUTO_ATTACH_CODE_IMPLEMENTATION,0
947523,2,Attached file Zoomingincrashlog.txt — Details,AUTO_ATTACH_STACK_TRACE,0
947523,7,Attached video BrowserCrash.mp4 — Details,AUTO_ATTACH_SCREENSHOT,0
947523,11,Attached file 947523_dmesg — Details,AUTO_ATTACH_ERROR_MESSAGE,0
947523,87,Attached patch 1/4 - Add a GetCumulativeResolution function (obsolete) — Details — Splinter Review,AUTO_ATTACH_CODE_IMPLEMENTATION,0
947523,127,Attached patch 2/4 - Change the displayport storage units v2 — Details — Splinter Review,AUTO_ATTACH_CODE_IMPLEMENTATION,0
947523,128,Attached patch 3/4 - Shrink the displayport multiplier at high zooms v2 — Details — Splinter Review,AUTO_ATTACH_CODE_IMPLEMENTATION,0
947523,129,Attached patch 4/4 - Crash the tab if the texture size is going to exceed the max GL texture size v2 — Details — Splinter Review,AUTO_ATTACH_CODE_IMPLEMENTATION,0
851828,2,Attached patch Patch (v1) (obsolete) — Details — Splinter Review,AUTO_ATTACH_CODE_IMPLEMENTATION,0
851828,10,Attached patch rebased — Details — Splinter Review,AUTO_ATTACH_CODE_IMPLEMENTATION,0
838565,2,Attached patch cc taf and nsFind — Details — Splinter Review,AUTO_ATTACH_CODE_IMPLEMENTATION,0
833964,21,Attached patch Null out potentially dangling pointer (obsolete) — Details — Splinter Review,AUTO_ATTACH_CODE_IMPLEMENTATION,0
1047560,3,Attached patch Enable pinning on dropbox ( — Details — Splinter Review,AUTO_ATTACH_CODE_IMPLEMENTATION,0
790547,5,Attached patch WIP - Part 1: Add sendLocationStatus in IDL (obsolete) — Details — Splinter Review,AUTO_ATTACH_CODE_IMPLEMENTATION,0
790547,6,Attached patch WIP - Part 2: Add SendLocationStatus in IccManager (obsolete) — Details — Splinter Review,AUTO_ATTACH_CODE_IMPLEMENTATION,0
790547,7,Attached patch WIP - Part 3: Add sendLocationStatus in RIL (obsolete) — Details — Splinter Review,AUTO_ATTACH_CODE_IMPLEMENTATION,0
1407955,2,"Attached file testcase, SVG text with text-shadow (obsolete) — Details",AUTO_ATTACH_TEST_CASES,0
1362590,4,Attached file Detailed Crash Information — Details,AUTO_ATTACH_STACK_TRACE,0
1362590,5,Attached file Opt stack — Details,AUTO_ATTACH_STACK_TRACE,0
1343787,9,Attached patch 1343787_aurora_53_fix.patch — Details — Splinter Review,AUTO_ATTACH_CODE_IMPLEMENTATION,0
1343787,13,Attached patch 1343787_esr52_fix.patch — Details — Splinter Review,AUTO_ATTACH_CODE_IMPLEMENTATION,0
1209952,2,Attached file Crash test case — Details,AUTO_ATTACH_TEST_CASES,0
1093374,2,Attached image tab-controls.png — Details,AUTO_ATTACH_SCREENSHOT,0
1093374,10,Attached patch tabstoolbar-overflowing-tabs.patch (obsolete) — Details — Splinter Review,AUTO_ATTACH_CODE_IMPLEMENTATION,0
1173001,4,Attached patch Part 2 - Fix up some task queue naming to make MediaDecoderReader consistent with MDSM. v1 (obsolete) — Details — Splinter Review,AUTO_ATTACH_CODE_IMPLEMENTATION,0
1173001,12,Attached patch Part 3 - Fix up some task queue naming to make MediaDecoderReader consistent with MDSM. v1 — Details — Splinter Review,AUTO_ATTACH_CODE_IMPLEMENTATION,0
1173001,13,Attached patch Part 4 - Enable tail dispatch for the decode task queue. v1 — Details — Splinter Review,AUTO_ATTACH_CODE_IMPLEMENTATION,0
1033887,2,Attached patch Disable the usage of try/catch in TestSTLWrappers.cpp with clang-cl — Details — Splinter Review,AUTO_ATTACH_CODE_IMPLEMENTATION,0
1033887,17,Attached patch Do not build TestSTLWrappers.cpp with clang-cl; r=bsmedberg — Details — Splinter Review,AUTO_ATTACH_CODE_IMPLEMENTATION,0
1254694,24,"Attached patch Fix for engines from language packs, v2 (with test) — Details — Splinter Review",AUTO_ATTACH_CODE_IMPLEMENTATION,0
894931,29,Attached patch test — Details — Splinter Review,AUTO_ATTACH_CODE_IMPLEMENTATION,0
687754,22,"a) Maybe switching lines > this.mCurrentTab = this.selectedTab; > if (!this._previewMode) > this.mCurrentTab.removeAttribute(""unread""); > this.showTab(this.mCurrentTab); to > this.mCurrentTab = this.selectedTab; > this.showTab(this.mCurrentTab); > if (!this._previewMode) > this.mCurrentTab.removeAttribute(""unread""); if that seems more convenient. This would still keep it right were the tab gets selected and viewed, the reason why ""unread"" is getting removed. It's a clear chain of commands that are logically tight connected to each other. Like removing ""busy"" leads to setting ""unread"" (if not selected). Easy to understand and maintain. b) I can't guarantee the Listener calls do not lead to (rare) cases where ""unread"" wouldn't be removed. Is there someone able to guarantee that for now and in the future? Why even take that risk? At this point in code the tab is already selected and shouldn't have the attribute anymore. c) After those Listeners we have the code block that handles fastFind and TitleBar if not in _previewMode. The only connection I can see here is _previewMode. Does it really make sense to move it down 40+ lines to save a single 'if' and at the same time loosing the easy logical understanding of why it has to be removed (selected/viewed => read) plus wondering if those Listener calls might at some point cause something related to removing ""unread"" we haven't thought of right now. If those arguments don't catch, we can even try to move it down another 30+ lines to the TabSelect events where the _previewMode is handled too and test it there.",SOLUTION_REVIEW,1
687754,38,Attached patch Don't remove unread in preview mode (final) — Details — Splinter Review,AUTO_ATTACH_CODE_IMPLEMENTATION,0
1057903,9,"(In reply to Timothy Nikkel (:tn) from comment #2) > Shouldn't this go > if (!frameRef) { > ForceDiscard(); > WantDecodedFrames(); > if (aFlags & FLAG_SYNC_DECODE) { > return CopyFrame(aWhichFrame, aFlags); > } > } Nah, because GetFrame() calls ForceDiscard() and WantDecodedFrames() automatically. (BTW, I noticed after writing this patch that we ended up with two methods named GetFrame(), differing only by their argument types. This is confusing and I apologize. =\ I rename the new one, which replaces methods like GetDecodedImgFrame(), to LookupFrame() in one of the next patches up for review. Unfortunately the rebase looks like it'd be pretty ugly so I'd prefer to just live with this for these few patches where it's a problem.)",ANSWER_TO_QUESTION,0
554061,12,Attached patch v1 — Details — Splinter Review,AUTO_ATTACH_CODE_IMPLEMENTATION,0
1529006,7,Attached patch allowing untraceable variant types — Details — Splinter Review,AUTO_ATTACH_CODE_IMPLEMENTATION,0
1410565,2,Attached video test_case.mp4 — Details,AUTO_ATTACH_TEST_CASES,0
1386502,2,I can see messages like: > Chrome file doesn't exist: c:\mozilla-source\stylo\obj-firefox-stylo\_tests\reftest\specialpowers\chrome\specialpowers\content\MozillaLogger.js > Chrome file doesn't exist: c:\mozilla-source\stylo\obj-firefox-stylo\_tests\reftest\specialpowers\chrome\specialpowers\content\specialpowersAPI.js > Chrome file doesn't exist: c:\mozilla-source\stylo\obj-firefox-stylo\_tests\reftest\specialpowers\chrome\specialpowers\content\specialpowers.js > Chrome file doesn't exist: c:\mozilla-source\stylo\obj-firefox-stylo\_tests\reftest\reftest\chrome\reftest\content\reftest-content.js in the console.,ERROR_MESSAGE,0
1386502,16,Attached patch White-list source and obj dirs for Windows content process sandbox in developer builds (obsolete) — Details — Splinter Review,AUTO_ATTACH_CODE_IMPLEMENTATION,0
1385699,5,Attached video webm movie from MediaRecorder (no duration metadata) — Details,AUTO_ATTACH_TEST_CASES,0
717147,3,Attached patch Patch part.2 Don't do autocomplete during composition (obsolete) — Details — Splinter Review,AUTO_ATTACH_CODE_IMPLEMENTATION,0
717147,4,Attached patch Patch part.2 Don't do autocomplete during composition (obsolete) — Details — Splinter Review,AUTO_ATTACH_CODE_IMPLEMENTATION,0
717147,5,Attached patch Patch part.3 Findbar shouldn't do incremental search during composition (obsolete) — Details — Splinter Review,AUTO_ATTACH_CODE_IMPLEMENTATION,0
717147,6,Attached patch Patch part.3 Findbar shouldn't do incremental search during composition (obsolete) — Details — Splinter Review,AUTO_ATTACH_CODE_IMPLEMENTATION,0
597389,2,Attached patch Patch v1.0 — Details — Splinter Review,AUTO_ATTACH_CODE_IMPLEMENTATION,0
1454126,2,Attached file testcase.html — Details,AUTO_ATTACH_TEST_CASES,0
1454126,11,Attached patch Patch for Beta (obsolete) — Details — Splinter Review,AUTO_ATTACH_CODE_IMPLEMENTATION,0
1454126,18,Attached patch The patch for m-c (r=m_kato) (obsolete) — Details — Splinter Review,AUTO_ATTACH_CODE_IMPLEMENTATION,0
1454126,26,Attached patch Patch for Beta (obsolete) — Details — Splinter Review,AUTO_ATTACH_CODE_IMPLEMENTATION,0
1454126,34,Attached patch Patch for Beta — Details — Splinter Review,AUTO_ATTACH_CODE_IMPLEMENTATION,0
1359490,57,Attached patch 0001-Avoid-racing-on-done.patch (obsolete) — Details — Splinter Review,AUTO_ATTACH_CODE_IMPLEMENTATION,0
1332070,3,Attached file Test case to reproduce — Details,AUTO_ATTACH_TEST_CASES,0
817531,9,Attached image Screenshot with Firefox17 — Details,AUTO_ATTACH_SCREENSHOT,0
817531,13,Attached patch Fix the referrer header for background image loads. — Details — Splinter Review,AUTO_ATTACH_CODE_IMPLEMENTATION,0
812431,4,Attached image no issue.png — Details,AUTO_ATTACH_SCREENSHOT,0
812431,5,Attached image issue.png — Details,AUTO_ATTACH_SCREENSHOT,0
797889,3,Attached patch Patch (obsolete) — Details — Splinter Review,AUTO_ATTACH_CODE_IMPLEMENTATION,0
797889,16,"# HG changeset patch # Parent 0a095af171f4fa1fa6509727e0f9daaf15d5ba88 # User Kyle Huey <khuey@kylehuey.com> diff --git a/dom/indexedDB/AsyncConnectionHelper.cpp b/dom/indexedDB/AsyncConnectionHelper.cpp --- a/dom/indexedDB/AsyncConnectionHelper.cpp +++ b/dom/indexedDB/AsyncConnectionHelper.cpp @@ -508,16 +508,47 @@ AsyncConnectionHelper::ReleaseMainThread NS_ASSERTION(NS_IsMainThread(), ""Wrong thread!""); mDatabase = nullptr; mTransaction = nullptr; HelperBase::ReleaseMainThreadObjects(); } +AsyncConnectionHelper::ChildProcessSendResult +AsyncConnectionHelper::MaybeSendResponseToChildProcess(nsresult aResultCode) +{ + NS_ASSERTION(NS_IsMainThread(), ""Wrong thread!""); + NS_ASSERTION(IndexedDatabaseManager::IsMainProcess(), ""Wrong process!""); + + // If there's no request, there could never have been an actor, and so there + // is nothing to do. + if (!mRequest) { + return Success_NotSent; + } + + IDBTransaction* trans = GetCurrentTransaction(); + // We may not have a transaction, e.g. for deleteDatabase + if (!trans) { + return Success_NotSent; + } + + // Are we shutting down the child? + if (trans->Database()->IsDisconnectedFromActor()) { + return Success_ActorDisconnected; + } + + IndexedDBRequestParentBase* actor = mRequest->GetActorParent(); + if (!actor) { + return Success_NotSent; + } + + return SendResponseToChildProcess(aResultCode); +} + nsresult AsyncConnectionHelper::OnParentProcessRequestComplete( const ResponseValue& aResponseValue) { NS_ASSERTION(!IndexedDatabaseManager::IsMainProcess(), ""Wrong process!""); if (aResponseValue.type() == ResponseValue::Tnsresult) { NS_ASSERTION(NS_FAILED(aResponseValue.get_nsresult()), ""Huh?""); diff --git a/dom/indexedDB/AsyncConnectionHelper.h b/dom/indexedDB/AsyncConnectionHelper.h --- a/dom/indexedDB/AsyncConnectionHelper.h +++ b/dom/indexedDB/AsyncConnectionHelper.h @@ -32,25 +32,16 @@ class ResponseValue; // A common base class for AsyncConnectionHelper and OpenDatabaseHelper that // IDBRequest can use. class HelperBase : public nsIRunnable { friend class IDBRequest; public: - enum ChildProcessSendResult - { - Success_Sent = 0, - Success_NotSent, - Error - }; - - virtual ChildProcessSendResult - MaybeSendResponseToChildProcess(nsresult aResultCode) = 0; virtual nsresult GetResultCode() = 0; virtual nsresult GetSuccessResult(JSContext* aCx, jsval* aVal) = 0; IDBRequest* GetRequest() const { @@ -126,16 +117,35 @@ public: return mRequest ? mRequest->Source() : nullptr; } virtual nsresult GetResultCode() MOZ_OVERRIDE { return mResultCode; } + enum ChildProcessSendResult + { + // The result was successfully sent to the child process + Success_Sent = 0, + + // The result was not sent, because this is not an out-of-process request. + Success_NotSent, + + // The result was not sent, because the actor has been disconnected + // (if the child process has shut down or crashed). + Success_ActorDisconnected, + + // An error occurred. + Error + }; + + ChildProcessSendResult + MaybeSendResponseToChildProcess(nsresult aResultCode); + virtual nsresult OnParentProcessRequestComplete( const ResponseValue& aResponseValue); virtual nsresult UnpackResponseFromParentProcess(const ResponseValue& aResponseValue) = 0; protected: AsyncConnectionHelper(IDBDatabase* aDatabase, @@ -202,16 +212,24 @@ protected: nsTArray<StructuredCloneReadInfo>& aReadInfos, jsval* aResult); /** * This should only be called by AutoSetCurrentTransaction. */ static void SetCurrentTransaction(IDBTransaction* aTransaction); + /** + * Allows the subclass to send its results to the child process. Will only + * be called if all of the IPC infrastructure is available (there is an + * actor, the child is stil alive and hasn't begun shutting down). + */ + virtual ChildProcessSendResult + SendResponseToChildProcess(nsresult aResultCode) = 0; + protected: nsRefPtr<IDBDatabase> mDatabase; nsRefPtr<IDBTransaction> mTransaction; private: nsCOMPtr<mozIStorageProgressHandler> mOldProgressHandler; nsresult mResultCode; bool mDispatched; diff --git a/dom/indexedDB/IDBCursor.cpp b/dom/indexedDB/IDBCursor.cpp --- a/dom/indexedDB/IDBCursor.cpp +++ b/dom/indexedDB/IDBCursor.cpp @@ -90,17 +90,17 @@ public: jsval* aVal) MOZ_OVERRIDE; virtual void ReleaseMainThreadObjects() MOZ_OVERRIDE; virtual nsresult PackArgumentsForParentProcess(CursorRequestParams& aParams) MOZ_OVERRIDE; virtual ChildProcessSendResult - MaybeSendResponseToChildProcess(nsresult aResultCode) MOZ_OVERRIDE; + SendResponseToChildProcess(nsresult aResultCode) MOZ_OVERRIDE; virtual nsresult UnpackResponseFromParentProcess(const ResponseValue& aResponseValue) MOZ_OVERRIDE; protected: virtual nsresult BindArgumentsToStatement(mozIStorageStatement* aStatement) = 0; @@ -869,26 +869,24 @@ ContinueHelper::PackArgumentsForParentPr params.key() = mCursor->mContinueToKey; params.count() = uint32_t(mCount); aParams = params; return NS_OK; } -HelperBase::ChildProcessSendResult -ContinueHelper::MaybeSendResponseToChildProcess(nsresult aResultCode) +AsyncConnectionHelper::ChildProcessSendResult +ContinueHelper::SendResponseToChildProcess(nsresult aResultCode) { NS_ASSERTION(NS_IsMainThread(), ""Wrong thread!""); NS_ASSERTION(IndexedDatabaseManager::IsMainProcess(), ""Wrong process!""); IndexedDBRequestParentBase* actor = mRequest->GetActorParent(); - if (!actor) { - return Success_NotSent; - } + NS_ASSERTION(actor, ""How did we get this far without an actor?""); InfallibleTArray<PBlobParent*> blobsParent; if (NS_SUCCEEDED(aResultCode)) { IDBDatabase* database = mTransaction->Database(); NS_ASSERTION(database, ""This should never be null!""); ContentParent* contentParent = database->GetContentParent(); diff --git a/dom/indexedDB/IDBDatabase.cpp b/dom/indexedDB/IDBDatabase.cpp --- a/dom/indexedDB/IDBDatabase.cpp +++ b/dom/indexedDB/IDBDatabase.cpp @@ -45,17 +45,17 @@ public: NoRequestDatabaseHelper(IDBTransaction* aTransaction) : AsyncConnectionHelper(aTransaction, nullptr) { NS_ASSERTION(IndexedDatabaseManager::IsMainProcess(), ""Wrong process!""); NS_ASSERTION(aTransaction, ""Null transaction!""); } virtual ChildProcessSendResult - MaybeSendResponseToChildProcess(nsresult aResultCode) MOZ_OVERRIDE; + SendResponseToChildProcess(nsresult aResultCode) MOZ_OVERRIDE; virtual nsresult UnpackResponseFromParentProcess(const ResponseValue& aResponseValue) MOZ_OVERRIDE; virtual nsresult OnSuccess() MOZ_OVERRIDE; virtual void OnError() MOZ_OVERRIDE; @@ -112,17 +112,17 @@ public: nsresult GetSuccessResult(JSContext* aCx, jsval* aVal); void ReleaseMainThreadObjects() { mFileInfo = nullptr; AsyncConnectionHelper::ReleaseMainThreadObjects(); } - virtual ChildProcessSendResult MaybeSendResponseToChildProcess( + virtual ChildProcessSendResult SendResponseToChildProcess( nsresult aResultCode) MOZ_OVERRIDE { return Success_NotSent; } virtual nsresult UnpackResponseFromParentProcess( const ResponseValue& aResponseValue) @@ -211,17 +211,18 @@ IDBDatabase::Create(IDBWrapperCache* aOw return db.forget(); } IDBDatabase::IDBDatabase() : mDatabaseId(0), mActorChild(nullptr), mActorParent(nullptr), mContentParent(nullptr), - mInvalidated(0), + mInvalidated(false), + mDisconnected(false), mRegistered(false), mClosed(false), mRunningVersionChange(false) { NS_ASSERTION(NS_IsMainThread(), ""Wrong thread!""); } IDBDatabase::~IDBDatabase() @@ -251,34 +252,61 @@ void IDBDatabase::Invalidate() { NS_ASSERTION(NS_IsMainThread(), ""Wrong thread!""); if (IsInvalidated()) { return; } + mInvalidated = true; + // Make sure we're closed too. Close(); // When the IndexedDatabaseManager needs to invalidate databases, all it has // is an origin, so we call back into the manager to cancel any prompts for // our owner. nsPIDOMWindow* owner = GetOwner(); if (owner) { IndexedDatabaseManager::CancelPromptsForWindow(owner); } - - mInvalidated = true; } bool IDBDatabase::IsInvalidated() { - return !!mInvalidated; + return mInvalidated; +} + +void +IDBDatabase::DisconnectFromActor() +{ + NS_ASSERTION(NS_IsMainThread(), ""Wrong thread!""); + + if (IsDisconnectedFromActor()) { + return; + } + + mDisconnected = true; + + // Make sure we're closed too. + Close(); + + // Kill any outstanding prompts. + nsPIDOMWindow* owner = GetOwner(); + if (owner) { + IndexedDatabaseManager::CancelPromptsForWindow(owner); + } +} + +bool +IDBDatabase::IsDisconnectedFromActor() +{ + return mDisconnected; } void IDBDatabase::CloseInternal(bool aIsDead) { NS_ASSERTION(NS_IsMainThread(), ""Wrong thread!""); if (!mClosed) { @@ -792,18 +820,18 @@ IDBDatabase::UnsetThreadLocals() } nsresult IDBDatabase::PostHandleEvent(nsEventChainPostVisitor& aVisitor) { return IndexedDatabaseManager::FireWindowOnError(GetOwner(), aVisitor); } -HelperBase::ChildProcessSendResult -NoRequestDatabaseHelper::MaybeSendResponseToChildProcess(nsresult aResultCode) +AsyncConnectionHelper::ChildProcessSendResult +NoRequestDatabaseHelper::SendResponseToChildProcess(nsresult aResultCode) { NS_ASSERTION(IndexedDatabaseManager::IsMainProcess(), ""Wrong process!""); return Success_NotSent; } nsresult NoRequestDatabaseHelper::UnpackResponseFromParentProcess( const ResponseValue& aResponseValue) diff --git a/dom/indexedDB/IDBDatabase.h b/dom/indexedDB/IDBDatabase.h --- a/dom/indexedDB/IDBDatabase.h +++ b/dom/indexedDB/IDBDatabase.h @@ -101,16 +101,23 @@ public: } void Invalidate(); // Whether or not the database has been invalidated. If it has then no further // transactions for this database will be allowed to run. bool IsInvalidated(); + void DisconnectFromActor(); + + // Whether or not the database has been disconnected from its actor. If true + // it is not safe to send any IPC messages to the actor representing this db + // or any of its subactors. + bool IsDisconnectedFromActor(); + void CloseInternal(bool aIsDead); // Whether or not the database has had Close called on it. bool IsClosed(); void EnterSetVersionTransaction(); void ExitSetVersionTransaction(); @@ -178,17 +185,18 @@ private: nsRefPtr<FileManager> mFileManager; IndexedDBDatabaseChild* mActorChild; IndexedDBDatabaseParent* mActorParent; mozilla::dom::ContentParent* mContentParent; - int32_t mInvalidated; + bool mInvalidated; + bool mDisconnected; bool mRegistered; bool mClosed; bool mRunningVersionChange; }; END_INDEXEDDB_NAMESPACE #endif // mozilla_dom_indexeddb_idbdatabase_h__ diff --git a/dom/indexedDB/IDBIndex.cpp b/dom/indexedDB/IDBIndex.cpp --- a/dom/indexedDB/IDBIndex.cpp +++ b/dom/indexedDB/IDBIndex.cpp @@ -88,17 +88,17 @@ public: jsval* aVal) MOZ_OVERRIDE; virtual void ReleaseMainThreadObjects() MOZ_OVERRIDE; virtual nsresult PackArgumentsForParentProcess(IndexRequestParams& aParams) MOZ_OVERRIDE; virtual ChildProcessSendResult - MaybeSendResponseToChildProcess(nsresult aResultCode) MOZ_OVERRIDE; + SendResponseToChildProcess(nsresult aResultCode) MOZ_OVERRIDE; virtual nsresult UnpackResponseFromParentProcess(const ResponseValue& aResponseValue) MOZ_OVERRIDE; protected: // In-params. nsRefPtr<IDBKeyRange> mKeyRange; @@ -129,17 +129,17 @@ public: jsval* aVal) MOZ_OVERRIDE; virtual void ReleaseMainThreadObjects() MOZ_OVERRIDE; virtual nsresult PackArgumentsForParentProcess(IndexRequestParams& aParams) MOZ_OVERRIDE; virtual ChildProcessSendResult - MaybeSendResponseToChildProcess(nsresult aResultCode) MOZ_OVERRIDE; + SendResponseToChildProcess(nsresult aResultCode) MOZ_OVERRIDE; virtual nsresult UnpackResponseFromParentProcess(const ResponseValue& aResponseValue) MOZ_OVERRIDE; protected: StructuredCloneReadInfo mCloneReadInfo; }; @@ -160,17 +160,17 @@ public: virtual nsresult GetSuccessResult(JSContext* aCx, jsval* aVal) MOZ_OVERRIDE; virtual nsresult PackArgumentsForParentProcess(IndexRequestParams& aParams) MOZ_OVERRIDE; virtual ChildProcessSendResult - MaybeSendResponseToChildProcess(nsresult aResultCode) MOZ_OVERRIDE; + SendResponseToChildProcess(nsresult aResultCode) MOZ_OVERRIDE; virtual nsresult UnpackResponseFromParentProcess(const ResponseValue& aResponseValue) MOZ_OVERRIDE; protected: const uint32_t mLimit; nsTArray<Key> mKeys; @@ -201,17 +201,17 @@ public: jsval* aVal) MOZ_OVERRIDE; virtual void ReleaseMainThreadObjects() MOZ_OVERRIDE; virtual nsresult PackArgumentsForParentProcess(IndexRequestParams& aParams) MOZ_OVERRIDE; virtual ChildProcessSendResult - MaybeSendResponseToChildProcess(nsresult aResultCode) MOZ_OVERRIDE; + SendResponseToChildProcess(nsresult aResultCode) MOZ_OVERRIDE; virtual nsresult UnpackResponseFromParentProcess(const ResponseValue& aResponseValue) MOZ_OVERRIDE; protected: const uint32_t mLimit; nsTArray<StructuredCloneReadInfo> mCloneReadInfos; @@ -241,17 +241,17 @@ public: jsval* aVal) MOZ_OVERRIDE; virtual void ReleaseMainThreadObjects() MOZ_OVERRIDE; virtual nsresult PackArgumentsForParentProcess(IndexRequestParams& aParams) MOZ_OVERRIDE; virtual ChildProcessSendResult - MaybeSendResponseToChildProcess(nsresult aResultCode) MOZ_OVERRIDE; + SendResponseToChildProcess(nsresult aResultCode) MOZ_OVERRIDE; virtual nsresult UnpackResponseFromParentProcess(const ResponseValue& aResponseValue) MOZ_OVERRIDE; protected: virtual nsresult EnsureCursor(); @@ -290,17 +290,17 @@ public: MOZ_OVERRIDE; virtual void ReleaseMainThreadObjects() MOZ_OVERRIDE; virtual nsresult PackArgumentsForParentProcess(IndexRequestParams& aParams) MOZ_OVERRIDE; virtual ChildProcessSendResult - MaybeSendResponseToChildProcess(nsresult aResultCode) MOZ_OVERRIDE; + SendResponseToChildProcess(nsresult aResultCode) MOZ_OVERRIDE; private: virtual nsresult EnsureCursor(); StructuredCloneReadInfo mCloneReadInfo; // Only used in the parent process. SerializedStructuredCloneReadInfo mSerializedCloneReadInfo; @@ -323,17 +323,17 @@ public: jsval* aVal) MOZ_OVERRIDE; virtual void ReleaseMainThreadObjects() MOZ_OVERRIDE; virtual nsresult PackArgumentsForParentProcess(IndexRequestParams& aParams) MOZ_OVERRIDE; virtual ChildProcessSendResult - MaybeSendResponseToChildProcess(nsresult aResultCode) MOZ_OVERRIDE; + SendResponseToChildProcess(nsresult aResultCode) MOZ_OVERRIDE; virtual nsresult UnpackResponseFromParentProcess(const ResponseValue& aResponseValue) MOZ_OVERRIDE; private: nsRefPtr<IDBKeyRange> mKeyRange; uint64_t mCount; @@ -1104,26 +1104,24 @@ GetKeyHelper::PackArgumentsForParentProc GetKeyParams params; mKeyRange->ToSerializedKeyRange(params.keyRange()); aParams = params; return NS_OK; } -HelperBase::ChildProcessSendResult -GetKeyHelper::MaybeSendResponseToChildProcess(nsresult aResultCode) +AsyncConnectionHelper::ChildProcessSendResult +GetKeyHelper::SendResponseToChildProcess(nsresult aResultCode) { NS_ASSERTION(NS_IsMainThread(), ""Wrong thread!""); NS_ASSERTION(IndexedDatabaseManager::IsMainProcess(), ""Wrong process!""); IndexedDBRequestParentBase* actor = mRequest->GetActorParent(); - if (!actor) { - return Success_NotSent; - } + NS_ASSERTION(actor, ""How did we get this far without an actor?""); ResponseValue response; if (NS_FAILED(aResultCode)) { response = aResultCode; } else { GetKeyResponse getKeyResponse; getKeyResponse.key() = mKey; @@ -1226,26 +1224,24 @@ GetHelper::PackArgumentsForParentProcess FIXME_Bug_521898_index::GetParams params; mKeyRange->ToSerializedKeyRange(params.keyRange()); aParams = params; return NS_OK; } -HelperBase::ChildProcessSendResult -GetHelper::MaybeSendResponseToChildProcess(nsresult aResultCode) +AsyncConnectionHelper::ChildProcessSendResult +GetHelper::SendResponseToChildProcess(nsresult aResultCode) { NS_ASSERTION(NS_IsMainThread(), ""Wrong thread!""); NS_ASSERTION(IndexedDatabaseManager::IsMainProcess(), ""Wrong process!""); IndexedDBRequestParentBase* actor = mRequest->GetActorParent(); - if (!actor) { - return Success_NotSent; - } + NS_ASSERTION(actor, ""How did we get this far without an actor?""); InfallibleTArray<PBlobParent*> blobsParent; if (NS_SUCCEEDED(aResultCode)) { IDBDatabase* database = mIndex->ObjectStore()->Transaction()->Database(); NS_ASSERTION(database, ""This should never be null!""); ContentParent* contentParent = database->GetContentParent(); @@ -1428,26 +1424,24 @@ GetAllKeysHelper::PackArgumentsForParent } params.limit() = mLimit; aParams = params; return NS_OK; } -HelperBase::ChildProcessSendResult -GetAllKeysHelper::MaybeSendResponseToChildProcess(nsresult aResultCode) +AsyncConnectionHelper::ChildProcessSendResult +GetAllKeysHelper::SendResponseToChildProcess(nsresult aResultCode) { NS_ASSERTION(NS_IsMainThread(), ""Wrong thread!""); NS_ASSERTION(IndexedDatabaseManager::IsMainProcess(), ""Wrong process!""); IndexedDBRequestParentBase* actor = mRequest->GetActorParent(); - if (!actor) { - return Success_NotSent; - } + NS_ASSERTION(actor, ""How did we get this far without an actor?""); ResponseValue response; if (NS_FAILED(aResultCode)) { response = aResultCode; } else { GetAllKeysResponse getAllKeysResponse; getAllKeysResponse.keys().AppendElements(mKeys); @@ -1575,26 +1569,24 @@ GetAllHelper::PackArgumentsForParentProc } params.limit() = mLimit; aParams = params; return NS_OK; } -HelperBase::ChildProcessSendResult -GetAllHelper::MaybeSendResponseToChildProcess(nsresult aResultCode) +AsyncConnectionHelper::ChildProcessSendResult +GetAllHelper::SendResponseToChildProcess(nsresult aResultCode) { NS_ASSERTION(NS_IsMainThread(), ""Wrong thread!""); NS_ASSERTION(IndexedDatabaseManager::IsMainProcess(), ""Wrong process!""); IndexedDBRequestParentBase* actor = mRequest->GetActorParent(); - if (!actor) { - return Success_NotSent; - } + NS_ASSERTION(actor, ""How did we get this far without an actor?""); GetAllResponse getAllResponse; if (NS_SUCCEEDED(aResultCode) && !mCloneReadInfos.IsEmpty()) { IDBDatabase* database = mIndex->ObjectStore()->Transaction()->Database(); NS_ASSERTION(database, ""This should never be null!""); ContentParent* contentParent = database->GetContentParent(); @@ -1904,28 +1896,25 @@ OpenKeyCursorHelper::PackArgumentsForPar } params.direction() = mDirection; aParams = params; return NS_OK; } -HelperBase::ChildProcessSendResult -OpenKeyCursorHelper::MaybeSendResponseToChildProcess(nsresult aResultCode) +AsyncConnectionHelper::ChildProcessSendResult +OpenKeyCursorHelper::SendResponseToChildProcess(nsresult aResultCode) { NS_ASSERTION(NS_IsMainThread(), ""Wrong thread!""); NS_ASSERTION(IndexedDatabaseManager::IsMainProcess(), ""Wrong process!""); + NS_ASSERTION(!mCursor, ""Shouldn't have this yet!""); IndexedDBRequestParentBase* actor = mRequest->GetActorParent(); - if (!actor) { - return Success_NotSent; - } - - NS_ASSERTION(!mCursor, ""Shouldn't have this yet!""); + NS_ASSERTION(actor, ""How did we get this far without an actor?""); if (NS_SUCCEEDED(aResultCode)) { nsresult rv = EnsureCursor(); if (NS_FAILED(rv)) { NS_WARNING(""EnsureCursor failed!""); aResultCode = rv; } } @@ -2240,28 +2229,25 @@ OpenCursorHelper::PackArgumentsForParent } params.direction() = mDirection; aParams = params; return NS_OK; } -HelperBase::ChildProcessSendResult -OpenCursorHelper::MaybeSendResponseToChildProcess(nsresult aResultCode) +AsyncConnectionHelper::ChildProcessSendResult +OpenCursorHelper::SendResponseToChildProcess(nsresult aResultCode) { NS_ASSERTION(NS_IsMainThread(), ""Wrong thread!""); NS_ASSERTION(IndexedDatabaseManager::IsMainProcess(), ""Wrong process!""); + NS_ASSERTION(!mCursor, ""Shouldn't have this yet!""); IndexedDBRequestParentBase* actor = mRequest->GetActorParent(); - if (!actor) { - return Success_NotSent; - } - - NS_ASSERTION(!mCursor, ""Shouldn't have this yet!""); + NS_ASSERTION(actor, ""How did we get this far without an actor?""); InfallibleTArray<PBlobParent*> blobsParent; if (NS_SUCCEEDED(aResultCode)) { IDBDatabase* database = mIndex->ObjectStore()->Transaction()->Database(); NS_ASSERTION(database, ""This should never be null!""); ContentParent* contentParent = database->GetContentParent(); @@ -2423,26 +2409,24 @@ CountHelper::PackArgumentsForParentProce else { params.optionalKeyRange() = mozilla::void_t(); } aParams = params; return NS_OK; } -HelperBase::ChildProcessSendResult -CountHelper::MaybeSendResponseToChildProcess(nsresult aResultCode) +AsyncConnectionHelper::ChildProcessSendResult +CountHelper::SendResponseToChildProcess(nsresult aResultCode) { NS_ASSERTION(NS_IsMainThread(), ""Wrong thread!""); NS_ASSERTION(IndexedDatabaseManager::IsMainProcess(), ""Wrong process!""); IndexedDBRequestParentBase* actor = mRequest->GetActorParent(); - if (!actor) { - return Success_NotSent; - } + NS_ASSERTION(actor, ""How did we get this far without an actor?""); ResponseValue response; if (NS_FAILED(aResultCode)) { response = aResultCode; } else { CountResponse countResponse = mCount; response = countResponse; diff --git a/dom/indexedDB/IDBObjectStore.cpp b/dom/indexedDB/IDBObjectStore.cpp --- a/dom/indexedDB/IDBObjectStore.cpp +++ b/dom/indexedDB/IDBObjectStore.cpp @@ -106,17 +106,17 @@ public: virtual void ReleaseMainThreadObjects() MOZ_OVERRIDE; virtual nsresult UnpackResponseFromParentProcess( const ResponseValue& aResponseValue) MOZ_OVERRIDE; virtual ChildProcessSendResult - MaybeSendResponseToChildProcess(nsresult aResultCode) MOZ_OVERRIDE; + SendResponseToChildProcess(nsresult aResultCode) MOZ_OVERRIDE; virtual nsresult OnSuccess() MOZ_OVERRIDE; virtual void OnError() MOZ_OVERRIDE; protected: nsRefPtr<IDBObjectStore> mObjectStore; }; @@ -150,17 +150,17 @@ public: jsval* aVal) MOZ_OVERRIDE; virtual void ReleaseMainThreadObjects() MOZ_OVERRIDE; virtual nsresult PackArgumentsForParentProcess(ObjectStoreRequestParams& aParams) MOZ_OVERRIDE; virtual ChildProcessSendResult - MaybeSendResponseToChildProcess(nsresult aResultCode) MOZ_OVERRIDE; + SendResponseToChildProcess(nsresult aResultCode) MOZ_OVERRIDE; virtual nsresult UnpackResponseFromParentProcess(const ResponseValue& aResponseValue) MOZ_OVERRIDE; private: // These may change in the autoincrement case. StructuredCloneWriteInfo mCloneWriteInfo; @@ -194,17 +194,17 @@ public: jsval* aVal) MOZ_OVERRIDE; virtual void ReleaseMainThreadObjects() MOZ_OVERRIDE; virtual nsresult PackArgumentsForParentProcess(ObjectStoreRequestParams& aParams) MOZ_OVERRIDE; virtual ChildProcessSendResult - MaybeSendResponseToChildProcess(nsresult aResultCode) MOZ_OVERRIDE; + SendResponseToChildProcess(nsresult aResultCode) MOZ_OVERRIDE; virtual nsresult UnpackResponseFromParentProcess(const ResponseValue& aResponseValue) MOZ_OVERRIDE; protected: // In-params. nsRefPtr<IDBKeyRange> mKeyRange; @@ -229,17 +229,17 @@ public: virtual nsresult GetSuccessResult(JSContext* aCx, jsval* aVal) MOZ_OVERRIDE; virtual nsresult PackArgumentsForParentProcess(ObjectStoreRequestParams& aParams) MOZ_OVERRIDE; virtual ChildProcessSendResult - MaybeSendResponseToChildProcess(nsresult aResultCode) MOZ_OVERRIDE; + SendResponseToChildProcess(nsresult aResultCode) MOZ_OVERRIDE; virtual nsresult UnpackResponseFromParentProcess(const ResponseValue& aResponseValue) MOZ_OVERRIDE; }; class ClearHelper : public ObjectStoreHelper { @@ -252,17 +252,17 @@ public: virtual nsresult DoDatabaseWork(mozIStorageConnection* aConnection) MOZ_OVERRIDE; virtual nsresult PackArgumentsForParentProcess(ObjectStoreRequestParams& aParams) MOZ_OVERRIDE; virtual ChildProcessSendResult - MaybeSendResponseToChildProcess(nsresult aResultCode) MOZ_OVERRIDE; + SendResponseToChildProcess(nsresult aResultCode) MOZ_OVERRIDE; virtual nsresult UnpackResponseFromParentProcess(const ResponseValue& aResponseValue) MOZ_OVERRIDE; }; class OpenCursorHelper : public ObjectStoreHelper { @@ -288,17 +288,17 @@ public: jsval* aVal) MOZ_OVERRIDE; virtual void ReleaseMainThreadObjects() MOZ_OVERRIDE; virtual nsresult PackArgumentsForParentProcess(ObjectStoreRequestParams& aParams) MOZ_OVERRIDE; virtual ChildProcessSendResult - MaybeSendResponseToChildProcess(nsresult aResultCode) MOZ_OVERRIDE; + SendResponseToChildProcess(nsresult aResultCode) MOZ_OVERRIDE; virtual nsresult UnpackResponseFromParentProcess(const ResponseValue& aResponseValue) MOZ_OVERRIDE; private: nsresult EnsureCursor(); @@ -394,17 +394,17 @@ public: jsval* aVal) MOZ_OVERRIDE; virtual void ReleaseMainThreadObjects() MOZ_OVERRIDE; virtual nsresult PackArgumentsForParentProcess(ObjectStoreRequestParams& aParams) MOZ_OVERRIDE; virtual ChildProcessSendResult - MaybeSendResponseToChildProcess(nsresult aResultCode) MOZ_OVERRIDE; + SendResponseToChildProcess(nsresult aResultCode) MOZ_OVERRIDE; virtual nsresult UnpackResponseFromParentProcess(const ResponseValue& aResponseValue) MOZ_OVERRIDE; protected: // In-params. nsRefPtr<IDBKeyRange> mKeyRange; @@ -433,17 +433,17 @@ public: jsval* aVal) MOZ_OVERRIDE; virtual void ReleaseMainThreadObjects() MOZ_OVERRIDE; virtual nsresult PackArgumentsForParentProcess(ObjectStoreRequestParams& aParams) MOZ_OVERRIDE; virtual ChildProcessSendResult - MaybeSendResponseToChildProcess(nsresult aResultCode) MOZ_OVERRIDE; + SendResponseToChildProcess(nsresult aResultCode) MOZ_OVERRIDE; virtual nsresult UnpackResponseFromParentProcess(const ResponseValue& aResponseValue) MOZ_OVERRIDE; private: nsRefPtr<IDBKeyRange> mKeyRange; uint64_t mCount; @@ -2558,19 +2558,18 @@ NoRequestObjectStoreHelper::ReleaseMainT nsresult NoRequestObjectStoreHelper::UnpackResponseFromParentProcess( const ResponseValue& aResponseValue) { NS_NOTREACHED(""Should never get here!""); return NS_ERROR_DOM_INDEXEDDB_UNKNOWN_ERR; } -HelperBase::ChildProcessSendResult -NoRequestObjectStoreHelper::MaybeSendResponseToChildProcess( - nsresult aResultCode) +AsyncConnectionHelper::ChildProcessSendResult +NoRequestObjectStoreHelper::SendResponseToChildProcess(nsresult aResultCode) { NS_ASSERTION(IndexedDatabaseManager::IsMainProcess(), ""Wrong process!""); return Success_NotSent; } nsresult NoRequestObjectStoreHelper::OnSuccess() { @@ -2819,26 +2818,24 @@ AddHelper::PackArgumentsForParentProcess AddParams addParams; addParams.commonParams() = commonParams; aParams = addParams; } return NS_OK; } -HelperBase::ChildProcessSendResult -AddHelper::MaybeSendResponseToChildProcess(nsresult aResultCode) +AsyncConnectionHelper::ChildProcessSendResult +AddHelper::SendResponseToChildProcess(nsresult aResultCode) { NS_ASSERTION(NS_IsMainThread(), ""Wrong thread!""); NS_ASSERTION(IndexedDatabaseManager::IsMainProcess(), ""Wrong process!""); IndexedDBRequestParentBase* actor = mRequest->GetActorParent(); - if (!actor) { - return Success_NotSent; - } + NS_ASSERTION(actor, ""How did we get this far without an actor?""); ResponseValue response; if (NS_FAILED(aResultCode)) { response = aResultCode; } else if (mOverwrite) { PutResponse putResponse; putResponse.key() = mKey; @@ -2938,26 +2935,24 @@ GetHelper::PackArgumentsForParentProcess FIXME_Bug_521898_objectstore::GetParams params; mKeyRange->ToSerializedKeyRange(params.keyRange()); aParams = params; return NS_OK; } -HelperBase::ChildProcessSendResult -GetHelper::MaybeSendResponseToChildProcess(nsresult aResultCode) +AsyncConnectionHelper::ChildProcessSendResult +GetHelper::SendResponseToChildProcess(nsresult aResultCode) { NS_ASSERTION(NS_IsMainThread(), ""Wrong thread!""); NS_ASSERTION(IndexedDatabaseManager::IsMainProcess(), ""Wrong process!""); IndexedDBRequestParentBase* actor = mRequest->GetActorParent(); - if (!actor) { - return Success_NotSent; - } + NS_ASSERTION(actor, ""How did we get this far without an actor?""); InfallibleTArray<PBlobParent*> blobsParent; if (NS_SUCCEEDED(aResultCode)) { IDBDatabase* database = mObjectStore->Transaction()->Database(); NS_ASSERTION(database, ""This should never be null!""); ContentParent* contentParent = database->GetContentParent(); @@ -2968,17 +2963,17 @@ GetHelper::MaybeSendResponseToChildProce const nsTArray<StructuredCloneFile>& files = mCloneReadInfo.mFiles; aResultCode = IDBObjectStore::ConvertBlobsToActors(contentParent, fileManager, files, blobsParent); if (NS_FAILED(aResultCode)) { NS_WARNING(""ConvertBlobsToActors failed!""); - } + } } ResponseValue response; if (NS_FAILED(aResultCode)) { response = aResultCode; } else { GetResponse getResponse; @@ -3065,26 +3060,24 @@ DeleteHelper::PackArgumentsForParentProc DeleteParams params; mKeyRange->ToSerializedKeyRange(params.keyRange()); aParams = params; return NS_OK; } -HelperBase::ChildProcessSendResult -DeleteHelper::MaybeSendResponseToChildProcess(nsresult aResultCode) +AsyncConnectionHelper::ChildProcessSendResult +DeleteHelper::SendResponseToChildProcess(nsresult aResultCode) { NS_ASSERTION(NS_IsMainThread(), ""Wrong thread!""); NS_ASSERTION(IndexedDatabaseManager::IsMainProcess(), ""Wrong process!""); IndexedDBRequestParentBase* actor = mRequest->GetActorParent(); - if (!actor) { - return Success_NotSent; - } + NS_ASSERTION(actor, ""How did we get this far without an actor?""); ResponseValue response; if (NS_FAILED(aResultCode)) { response = aResultCode; } else { response = DeleteResponse(); } @@ -3131,26 +3124,24 @@ ClearHelper::DoDatabaseWork(mozIStorageC nsresult ClearHelper::PackArgumentsForParentProcess(ObjectStoreRequestParams& aParams) { aParams = ClearParams(); return NS_OK; } -HelperBase::ChildProcessSendResult -ClearHelper::MaybeSendResponseToChildProcess(nsresult aResultCode) +AsyncConnectionHelper::ChildProcessSendResult +ClearHelper::SendResponseToChildProcess(nsresult aResultCode) { NS_ASSERTION(NS_IsMainThread(), ""Wrong thread!""); NS_ASSERTION(IndexedDatabaseManager::IsMainProcess(), ""Wrong process!""); IndexedDBRequestParentBase* actor = mRequest->GetActorParent(); - if (!actor) { - return Success_NotSent; - } + NS_ASSERTION(actor, ""How did we get this far without an actor?""); ResponseValue response; if (NS_FAILED(aResultCode)) { response = aResultCode; } else { response = ClearResponse(); } @@ -3366,28 +3357,25 @@ OpenCursorHelper::PackArgumentsForParent } params.direction() = mDirection; aParams = params; return NS_OK; } -HelperBase::ChildProcessSendResult -OpenCursorHelper::MaybeSendResponseToChildProcess(nsresult aResultCode) +AsyncConnectionHelper::ChildProcessSendResult +OpenCursorHelper::SendResponseToChildProcess(nsresult aResultCode) { NS_ASSERTION(NS_IsMainThread(), ""Wrong thread!""); NS_ASSERTION(IndexedDatabaseManager::IsMainProcess(), ""Wrong process!""); + NS_ASSERTION(!mCursor, ""Shouldn't have this yet!""); IndexedDBRequestParentBase* actor = mRequest->GetActorParent(); - if (!actor) { - return Success_NotSent; - } - - NS_ASSERTION(!mCursor, ""Shouldn't have this yet!""); + NS_ASSERTION(actor, ""How did we get this far without an actor?""); InfallibleTArray<PBlobParent*> blobsParent; if (NS_SUCCEEDED(aResultCode)) { IDBDatabase* database = mObjectStore->Transaction()->Database(); NS_ASSERTION(database, ""This should never be null!""); ContentParent* contentParent = database->GetContentParent(); @@ -3809,29 +3797,26 @@ GetAllHelper::PackArgumentsForParentProc } params.limit() = mLimit; aParams = params; return NS_OK; } -HelperBase::ChildProcessSendResult -GetAllHelper::MaybeSendResponseToChildProcess(nsresult aResultCode) +AsyncConnectionHelper::ChildProcessSendResult +GetAllHelper::SendResponseToChildProcess(nsresult aResultCode) { NS_ASSERTION(NS_IsMainThread(), ""Wrong thread!""); NS_ASSERTION(IndexedDatabaseManager::IsMainProcess(), ""Wrong process!""); IndexedDBRequestParentBase* actor = mRequest->GetActorParent(); - if (!actor) { - return Success_NotSent; - } - - GetAllResponse getAllResponse; - + NS_ASSERTION(actor, ""How did we get this far without an actor?""); + + GetAllResponse getAllResponse; if (NS_SUCCEEDED(aResultCode) && !mCloneReadInfos.IsEmpty()) { IDBDatabase* database = mObjectStore->Transaction()->Database(); NS_ASSERTION(database, ""This should never be null!""); ContentParent* contentParent = database->GetContentParent(); NS_ASSERTION(contentParent, ""This should never be null!""); FileManager* fileManager = database->Manager(); @@ -4006,26 +3991,24 @@ CountHelper::PackArgumentsForParentProce else { params.optionalKeyRange() = mozilla::void_t(); } aParams = params; return NS_OK; } -HelperBase::ChildProcessSendResult -CountHelper::MaybeSendResponseToChildProcess(nsresult aResultCode) +AsyncConnectionHelper::ChildProcessSendResult +CountHelper::SendResponseToChildProcess(nsresult aResultCode) { NS_ASSERTION(NS_IsMainThread(), ""Wrong thread!""); NS_ASSERTION(IndexedDatabaseManager::IsMainProcess(), ""Wrong process!""); IndexedDBRequestParentBase* actor = mRequest->GetActorParent(); - if (!actor) { - return Success_NotSent; - } + NS_ASSERTION(actor, ""How did we get this far without an actor?""); ResponseValue response; if (NS_FAILED(aResultCode)) { response = aResultCode; } else { CountResponse countResponse = mCount; response = countResponse; diff --git a/dom/indexedDB/OpenDatabaseHelper.cpp b/dom/indexedDB/OpenDatabaseHelper.cpp --- a/dom/indexedDB/OpenDatabaseHelper.cpp +++ b/dom/indexedDB/OpenDatabaseHelper.cpp @@ -1356,17 +1356,17 @@ protected: virtual already_AddRefed<nsDOMEvent> CreateSuccessEvent() MOZ_OVERRIDE; virtual nsresult NotifyTransactionPreComplete(IDBTransaction* aTransaction) MOZ_OVERRIDE; virtual nsresult NotifyTransactionPostComplete(IDBTransaction* aTransaction) MOZ_OVERRIDE; virtual ChildProcessSendResult - MaybeSendResponseToChildProcess(nsresult aResultCode) MOZ_OVERRIDE + SendResponseToChildProcess(nsresult aResultCode) MOZ_OVERRIDE { return Success_NotSent; } virtual nsresult UnpackResponseFromParentProcess( const ResponseValue& aResponseValue) MOZ_OVERRIDE { @@ -1430,17 +1430,17 @@ protected: } uint64_t RequestedVersion() const { return 0; } virtual ChildProcessSendResult - MaybeSendResponseToChildProcess(nsresult aResultCode) MOZ_OVERRIDE + SendResponseToChildProcess(nsresult aResultCode) MOZ_OVERRIDE { return Success_NotSent; } virtual nsresult UnpackResponseFromParentProcess( const ResponseValue& aResponseValue) MOZ_OVERRIDE { diff --git a/dom/indexedDB/OpenDatabaseHelper.h b/dom/indexedDB/OpenDatabaseHelper.h --- a/dom/indexedDB/OpenDatabaseHelper.h +++ b/dom/indexedDB/OpenDatabaseHelper.h @@ -52,22 +52,16 @@ public: nsresult RunImmediately(); void SetError(nsresult rv) { NS_ASSERTION(NS_FAILED(rv), ""Why are you telling me?""); mResultCode = rv; } - virtual ChildProcessSendResult - MaybeSendResponseToChildProcess(nsresult aResultCode) MOZ_OVERRIDE - { - return Success_NotSent; - } - virtual nsresult GetResultCode() MOZ_OVERRIDE { return mResultCode; } nsresult NotifySetVersionFinished(); nsresult NotifyDeleteFinished(); void BlockDatabase(); diff --git a/dom/indexedDB/ipc/IndexedDBChild.cpp b/dom/indexedDB/ipc/IndexedDBChild.cpp --- a/dom/indexedDB/ipc/IndexedDBChild.cpp +++ b/dom/indexedDB/ipc/IndexedDBChild.cpp @@ -36,17 +36,17 @@ public: MOZ_ASSERT(aRequest); } virtual nsresult UnpackResponseFromParentProcess( const ResponseValue& aResponseValue) MOZ_OVERRIDE; virtual ChildProcessSendResult - MaybeSendResponseToChildProcess(nsresult aResultCode) MOZ_OVERRIDE; + SendResponseToChildProcess(nsresult aResultCode) MOZ_OVERRIDE; virtual nsresult GetSuccessResult(JSContext* aCx, jsval* aVal) MOZ_OVERRIDE; virtual nsresult OnSuccess() MOZ_OVERRIDE { static_cast<IDBOpenDBRequest*>(mRequest.get())->SetTransaction(NULL); @@ -81,17 +81,17 @@ public: MOZ_ASSERT(aRequest); } virtual nsresult UnpackResponseFromParentProcess( const ResponseValue& aResponseValue) MOZ_OVERRIDE; virtual ChildProcessSendResult - MaybeSendResponseToChildProcess(nsresult aResultCode) MOZ_OVERRIDE; + SendResponseToChildProcess(nsresult aResultCode) MOZ_OVERRIDE; virtual nsresult DoDatabaseWork(mozIStorageConnection* aConnection) MOZ_OVERRIDE; virtual already_AddRefed<nsDOMEvent> CreateSuccessEvent() MOZ_OVERRIDE; virtual nsresult @@ -105,17 +105,17 @@ public: : AsyncConnectionHelper(static_cast<IDBDatabase*>(NULL), aRequest) { } virtual nsresult UnpackResponseFromParentProcess( const ResponseValue& aResponseValue) MOZ_OVERRIDE; virtual ChildProcessSendResult - MaybeSendResponseToChildProcess(nsresult aResultCode) MOZ_OVERRIDE; + SendResponseToChildProcess(nsresult aResultCode) MOZ_OVERRIDE; virtual nsresult GetSuccessResult(JSContext* aCx, jsval* aVal) MOZ_OVERRIDE; virtual nsresult DoDatabaseWork(mozIStorageConnection* aConnection) MOZ_OVERRIDE; }; @@ -1142,18 +1142,18 @@ IndexedDBDeleteDatabaseRequestChild::Rec nsresult IPCOpenDatabaseHelper::UnpackResponseFromParentProcess( const ResponseValue& aResponseValue) { NS_NOTREACHED(""Should never get here!""); return NS_ERROR_DOM_INDEXEDDB_UNKNOWN_ERR; } -HelperBase::ChildProcessSendResult -IPCOpenDatabaseHelper::MaybeSendResponseToChildProcess(nsresult aResultCode) +AsyncConnectionHelper::ChildProcessSendResult +IPCOpenDatabaseHelper::SendResponseToChildProcess(nsresult aResultCode) { MOZ_NOT_REACHED(""Don't call me!""); return Error; } nsresult IPCOpenDatabaseHelper::DoDatabaseWork(mozIStorageConnection* aConnection) { @@ -1171,18 +1171,18 @@ IPCOpenDatabaseHelper::GetSuccessResult( nsresult IPCSetVersionHelper::UnpackResponseFromParentProcess( const ResponseValue& aResponseValue) { NS_NOTREACHED(""Should never get here!""); return NS_ERROR_DOM_INDEXEDDB_UNKNOWN_ERR; } -HelperBase::ChildProcessSendResult -IPCSetVersionHelper::MaybeSendResponseToChildProcess(nsresult aResultCode) +AsyncConnectionHelper::ChildProcessSendResult +IPCSetVersionHelper::SendResponseToChildProcess(nsresult aResultCode) { MOZ_NOT_REACHED(""Don't call me!""); return Error; } nsresult IPCSetVersionHelper::DoDatabaseWork(mozIStorageConnection* aConnection) { @@ -1209,18 +1209,18 @@ IPCSetVersionHelper::GetSuccessResult(JS nsresult IPCDeleteDatabaseHelper::UnpackResponseFromParentProcess( const ResponseValue& aResponseValue) { MOZ_NOT_REACHED(""Don't call me!""); return NS_ERROR_FAILURE; } -HelperBase::ChildProcessSendResult -IPCDeleteDatabaseHelper::MaybeSendResponseToChildProcess(nsresult aResultCode) +AsyncConnectionHelper::ChildProcessSendResult +IPCDeleteDatabaseHelper::SendResponseToChildProcess(nsresult aResultCode) { MOZ_NOT_REACHED(""Don't call me!""); return Error; } nsresult IPCDeleteDatabaseHelper::GetSuccessResult(JSContext* aCx, jsval* aVal) { diff --git a/dom/indexedDB/ipc/IndexedDBParent.cpp b/dom/indexedDB/ipc/IndexedDBParent.cpp --- a/dom/indexedDB/ipc/IndexedDBParent.cpp +++ b/dom/indexedDB/ipc/IndexedDBParent.cpp @@ -47,26 +47,40 @@ AutoSetCurrentTransaction::~AutoSetCurre AsyncConnectionHelper::SetCurrentTransaction(NULL); } /******************************************************************************* * IndexedDBParent ******************************************************************************/ IndexedDBParent::IndexedDBParent() + : mDisconnected(false) { MOZ_COUNT_CTOR(IndexedDBParent); } IndexedDBParent::~IndexedDBParent() { MOZ_COUNT_DTOR(IndexedDBParent); } void +IndexedDBParent::Disconnect() +{ + mDisconnected = true; + + const InfallibleTArray<PIndexedDBDatabaseParent*>& dbs = + ManagedPIndexedDBDatabaseParent(); + + for (uint32_t i = 0; i < dbs.Length(); ++i) { + static_cast<IndexedDBDatabaseParent*>(dbs[i])->Disconnect(); + } +} + +void IndexedDBParent::ActorDestroy(ActorDestroyReason aWhy) { // Nothing really needs to be done here... } bool IndexedDBParent::RecvPIndexedDBDatabaseConstructor( PIndexedDBDatabaseParent* aActor, @@ -179,16 +193,21 @@ IndexedDBDatabaseParent::SetOpenRequest( return NS_OK; } nsresult IndexedDBDatabaseParent::HandleEvent(nsIDOMEvent* aEvent) { MOZ_ASSERT(aEvent); + if (Manager() && + static_cast<IndexedDBParent*>(Manager())->IsDisconnected()) { + return NS_OK; + } + nsString type; nsresult rv = aEvent->GetType(type); NS_ENSURE_SUCCESS(rv, rv); nsCOMPtr<nsIDOMEventTarget> target; rv = aEvent->GetTarget(getter_AddRefs(target)); NS_ENSURE_SUCCESS(rv, rv); @@ -209,16 +228,24 @@ IndexedDBDatabaseParent::HandleEvent(nsI return NS_OK; } MOZ_NOT_REACHED(""Unexpected message!""); return NS_ERROR_UNEXPECTED; } +void +IndexedDBDatabaseParent::Disconnect() +{ + if (mDatabase) { + mDatabase->DisconnectFromActor(); + } +} + nsresult IndexedDBDatabaseParent::HandleRequestEvent(nsIDOMEvent* aEvent, const nsAString& aType) { MOZ_ASSERT(mOpenRequest); nsresult rv; @@ -1774,16 +1801,21 @@ IndexedDBDeleteDatabaseRequestParent::In IndexedDBDeleteDatabaseRequestParent::~IndexedDBDeleteDatabaseRequestParent() { MOZ_COUNT_DTOR(IndexedDBDeleteDatabaseRequestParent); } nsresult IndexedDBDeleteDatabaseRequestParent::HandleEvent(nsIDOMEvent* aEvent) { + if (Manager() && + static_cast<IndexedDBParent*>(Manager())->IsDisconnected()) { + return NS_OK; + } + MOZ_ASSERT(aEvent); nsString type; nsresult rv = aEvent->GetType(type); NS_ENSURE_SUCCESS(rv, rv); if (type.EqualsASCII(BLOCKED_EVT_STR)) { nsCOMPtr<nsIIDBVersionChangeEvent> event = do_QueryInterface(aEvent); diff --git a/dom/indexedDB/ipc/IndexedDBParent.h b/dom/indexedDB/ipc/IndexedDBParent.h --- a/dom/indexedDB/ipc/IndexedDBParent.h +++ b/dom/indexedDB/ipc/IndexedDBParent.h @@ -132,27 +132,37 @@ public: class IndexedDBParent : public PIndexedDBParent { friend class mozilla::dom::ContentParent; friend class mozilla::dom::TabParent; nsRefPtr<IDBFactory> mFactory; nsCString mASCIIOrigin; + bool mDisconnected; public: IndexedDBParent(); virtual ~IndexedDBParent(); const nsCString& GetASCIIOrigin() const { return mASCIIOrigin; } + void + Disconnect(); + + bool + IsDisconnected() const + { + return mDisconnected; + } + protected: virtual void ActorDestroy(ActorDestroyReason aWhy) MOZ_OVERRIDE; virtual bool RecvPIndexedDBDatabaseConstructor(PIndexedDBDatabaseParent* aActor, const nsString& aName, const uint64_t& aVersion) MOZ_OVERRIDE; @@ -194,16 +204,19 @@ public: virtual ~IndexedDBDatabaseParent(); nsresult SetOpenRequest(IDBOpenDBRequest* aRequest); nsresult HandleEvent(nsIDOMEvent* aEvent); + void + Disconnect(); + protected: nsresult HandleRequestEvent(nsIDOMEvent* aEvent, const nsAString& aType); nsresult HandleDatabaseEvent(nsIDOMEvent* aEvent, const nsAString& aType); virtual void diff --git a/dom/ipc/ContentParent.cpp b/dom/ipc/ContentParent.cpp --- a/dom/ipc/ContentParent.cpp +++ b/dom/ipc/ContentParent.cpp @@ -457,24 +457,30 @@ ContentParent::SetManifestFromPreallocat // Clients should think of mAppManifestURL as const ... we're // bending the rules here just for the preallocation hack. const_cast<nsString&>(mAppManifestURL) = aAppManifestURL; } void ContentParent::ShutDownProcess() { - if (mIsAlive) { - // Close() can only be called once. It kicks off the - // destruction sequence. - Close(); + if (mIsAlive) { + const InfallibleTArray<PIndexedDBParent*>& idbParents = + ManagedPIndexedDBParent(); + for (uint32_t i = 0; i < idbParents.Length(); ++i) { + static_cast<IndexedDBParent*>(idbParents[i])->Disconnect(); } - // NB: must MarkAsDead() here so that this isn't accidentally - // returned from Get*() while in the midst of shutdown. - MarkAsDead(); + + // Close() can only be called once. It kicks off the + // destruction sequence. + Close(); + } + // NB: must MarkAsDead() here so that this isn't accidentally + // returned from Get*() while in the midst of shutdown. + MarkAsDead(); } void ContentParent::MarkAsDead() { if (!mAppManifestURL.IsEmpty()) { if (gAppContentParents) { gAppContentParents->Remove(mAppManifestURL); diff --git a/dom/ipc/TabParent.cpp b/dom/ipc/TabParent.cpp --- a/dom/ipc/TabParent.cpp +++ b/dom/ipc/TabParent.cpp @@ -104,16 +104,22 @@ TabParent::SetOwnerElement(nsIDOMElement void TabParent::Destroy() { // If this fails, it's most likely due to a content-process crash, // and auto-cleanup will kick in. Otherwise, the child side will // destroy itself and send back __delete__(). unused << SendDestroy(); + const InfallibleTArray<PIndexedDBParent*>& idbParents = + ManagedPIndexedDBParent(); + for (uint32_t i = 0; i < idbParents.Length(); ++i) { + static_cast<IndexedDBParent*>(idbParents[i])->Disconnect(); + } + if (RenderFrameParent* frame = GetRenderFrame()) { frame->Destroy(); } } bool TabParent::Recv__delete__() { Comments addressed",CODE_IMPLEMENTATION,1
758103,30,Attached patch Set remaining time to 0 if battery level is 1 [v4] — Details — Splinter Review,AUTO_ATTACH_CODE_IMPLEMENTATION,0
700508,16,Attached patch patch without the sqlite hack (obsolete) — Details — Splinter Review,AUTO_ATTACH_CODE_IMPLEMENTATION,0
1148078,4,"Attached patch fix v1 — Details — Splinter Review # HG changeset patch # Parent d5a537c7c5582d7edcdf83a3705d888259c62a6e # User Daniel Holbert <dholbert@cs.stanford.edu> Bug 1148078: Replace the word ""Logical"" with ""Flex-Relative"" in some vars & functions in flexbox layout. r=mats diff --git a/layout/generic/nsFlexContainerFrame.cpp b/layout/generic/nsFlexContainerFrame.cpp --- a/layout/generic/nsFlexContainerFrame.cpp +++ b/layout/generic/nsFlexContainerFrame.cpp @@ -39,18 +39,18 @@ GetFlexContainerLog() static PRLogModuleInfo *sLog; if (!sLog) sLog = PR_NewLogModule(""nsFlexContainerFrame""); return sLog; } #endif /* PR_LOGGING */ // XXXdholbert Some of this helper-stuff should be separated out into a general -// ""LogicalAxisUtils.h"" helper. Should that be a class, or a namespace (under -// what super-namespace?), or what? +// ""main/cross-axis utils"" header, shared by grid & flexbox? +// (Particularly when grid gets support for align-*/justify-* properties.) // Helper enums // ============ // Represents a physical orientation for an axis. // The directional suffix indicates the direction in which the axis *grows*. // So e.g. eAxis_LR means a horizontal left-to-right axis, whereas eAxis_BT // means a vertical bottom-to-top axis. @@ -132,32 +132,34 @@ GetSizePropertyForAxis(const nsIFrame* a const nsStylePosition* stylePos = aFrame->StylePosition(); return IsAxisHorizontal(aAxis) ? stylePos->mWidth : stylePos->mHeight; } /** - * Converts a logical position in a given axis into a position in the - * corresponding physical (x or y) axis. If the logical axis already maps - * directly onto one of our physical axes (i.e. LTR or TTB), then the logical - * and physical positions are equal; otherwise, we subtract the logical - * position from the container-size in that axis, to flip the polarity. - * (so e.g. a logical position of 2px in a RTL 20px-wide container - * would correspond to a physical position of 18px.) + * Converts a ""flex-relative"" coordinate in a single axis (a main- or cross-axis + * coordinate) into a coordinate in the corresponding physical (x or y) axis. If + * the flex-relative axis in question already maps *directly* to a physical + * axis (i.e. if it's LTR or TTB), then the physical coordinate has the same + * numeric value as the provided flex-relative coordinate. Otherwise, we have to + * subtract the flex-relative coordinate from the flex container's size in that + * axis, to flip the polarity. (So e.g. a main-axis position of 2px in a RTL + * 20px-wide container would correspond to a physical coordinate (x-value) of + * 18px.) */ static nscoord -PhysicalPosFromLogicalPos(nscoord aLogicalPosn, - nscoord aLogicalContainerSize, - AxisOrientationType aAxis) { +PhysicalCoordFromFlexRelativeCoord(nscoord aFlexRelativeCoord, + nscoord aContainerSize, + AxisOrientationType aAxis) { if (AxisGrowsInPositiveDirection(aAxis)) { - return aLogicalPosn; + return aFlexRelativeCoord; } - return aLogicalContainerSize - aLogicalPosn; + return aContainerSize - aFlexRelativeCoord; } // Helper-macro to let us pick one of two expressions to evaluate // (a width expression vs. a height expression), to get a main-axis or // cross-axis component. // For code that has e.g. a nsSize object, FlexboxAxisTracker::GetMainComponent // and GetCrossComponent are cleaner; but in cases where we simply have // two separate expressions for width and height (which may be expensive to @@ -199,44 +201,49 @@ public: } nscoord GetMarginSizeInCrossAxis(const nsMargin& aMargin) const { return IsAxisHorizontal(mCrossAxis) ? aMargin.LeftRight() : aMargin.TopBottom(); } /** - * Converts a logical point into a ""physical"" x,y point. + * Converts a ""flex-relative"" point (a main-axis & cross-axis coordinate) + * into a ""physical"" x,y point. * * In the simplest case where the main-axis is left-to-right and the * cross-axis is top-to-bottom, this just returns - * nsPoint(aMainPosn, aCrossPosn). + * nsPoint(aMainCoord, aCrossCoord). * - * @arg aMainPosn The main-axis position -- i.e an offset from the - * main-start edge of the container's content box. - * @arg aCrossPosn The cross-axis position -- i.e an offset from the - * cross-start edge of the container's content box. + * @arg aMainCoord The main-axis coordinate -- i.e an offset from the + * main-start edge of the container's content box. + * @arg aCrossCoord The cross-axis coordinate -- i.e an offset from the + * cross-start edge of the container's content box. * @return A nsPoint representing the same position (in coordinates * relative to the container's content box). */ - nsPoint PhysicalPointFromLogicalPoint(nscoord aMainPosn, - nscoord aCrossPosn, - nscoord aContainerMainSize, - nscoord aContainerCrossSize) const { - nscoord physicalPosnInMainAxis = - PhysicalPosFromLogicalPos(aMainPosn, aContainerMainSize, mMainAxis); - nscoord physicalPosnInCrossAxis = - PhysicalPosFromLogicalPos(aCrossPosn, aContainerCrossSize, mCrossAxis); + nsPoint PhysicalPointFromFlexRelativePoint(nscoord aMainCoord, + nscoord aCrossCoord, + nscoord aContainerMainSize, + nscoord aContainerCrossSize) const { + nscoord physicalCoordInMainAxis = + PhysicalCoordFromFlexRelativeCoord(aMainCoord, aContainerMainSize, + mMainAxis); + nscoord physicalCoordInCrossAxis = + PhysicalCoordFromFlexRelativeCoord(aCrossCoord, aContainerCrossSize, + mCrossAxis); return IsAxisHorizontal(mMainAxis) ? - nsPoint(physicalPosnInMainAxis, physicalPosnInCrossAxis) : - nsPoint(physicalPosnInCrossAxis, physicalPosnInMainAxis); + nsPoint(physicalCoordInMainAxis, physicalCoordInCrossAxis) : + nsPoint(physicalCoordInCrossAxis, physicalCoordInMainAxis); } - nsSize PhysicalSizeFromLogicalSizes(nscoord aMainSize, - nscoord aCrossSize) const { + + + nsSize PhysicalSizeFromFlexRelativeSizes(nscoord aMainSize, + nscoord aCrossSize) const { return IsAxisHorizontal(mMainAxis) ? nsSize(aMainSize, aCrossSize) : nsSize(aCrossSize, aMainSize); } // Are my axes reversed with respect to what the author asked for? // (We may reverse the axes in the FlexboxAxisTracker constructor and set // this flag, to avoid reflowing our children in bottom-to-top order.) @@ -3247,30 +3254,32 @@ FlexLine::PositionItemsInMainAxis(uint8_ mainAxisPosnTracker.ExitChildFrame(itemMainBorderBoxSize); mainAxisPosnTracker.ExitMargin(item->GetMargin()); mainAxisPosnTracker.TraversePackingSpace(); } } /** - * Given the flex container's ""logical ascent"" (i.e. distance from the + * Given the flex container's ""flex-relative ascent"" (i.e. distance from the * flex container's content-box cross-start edge to its baseline), returns * its actual physical ascent value (the distance from the *border-box* top * edge to its baseline). */ static nscoord -ComputePhysicalAscentFromLogicalAscent(nscoord aLogicalAscent, - nscoord aContentBoxCrossSize, - const nsHTMLReflowState& aReflowState, - const FlexboxAxisTracker& aAxisTracker) +ComputePhysicalAscentFromFlexRelativeAscent( + nscoord aFlexRelativeAscent, + nscoord aContentBoxCrossSize, + const nsHTMLReflowState& aReflowState, + const FlexboxAxisTracker& aAxisTracker) { return aReflowState.ComputedPhysicalBorderPadding().top + - PhysicalPosFromLogicalPos(aLogicalAscent, aContentBoxCrossSize, - aAxisTracker.GetCrossAxis()); + PhysicalCoordFromFlexRelativeCoord(aFlexRelativeAscent, + aContentBoxCrossSize, + aAxisTracker.GetCrossAxis()); } void nsFlexContainerFrame::SizeItemInCrossAxis( nsPresContext* aPresContext, const FlexboxAxisTracker& aAxisTracker, nsHTMLReflowState& aChildReflowState, FlexItem& aItem) @@ -3604,17 +3613,17 @@ nsFlexContainerFrame::DoFlexLayout(nsPre if (!aAxisTracker.AreAxesInternallyReversed()) { nscoord firstLineBaselineOffset = lines.getFirst()->GetBaselineOffset(); if (firstLineBaselineOffset == nscoord_MIN) { // No baseline-aligned items in line. Use sentinel value to prompt us to // get baseline from the first FlexItem after we've reflowed it. flexContainerAscent = nscoord_MIN; } else { flexContainerAscent = - ComputePhysicalAscentFromLogicalAscent( + ComputePhysicalAscentFromFlexRelativeAscent( crossAxisPosnTracker.GetPosition() + firstLineBaselineOffset, contentBoxCrossSize, aReflowState, aAxisTracker); } } for (FlexLine* line = lines.getFirst(); line; line = line->getNext()) { // Main-Axis Alignment - Flexbox spec section 9.5 @@ -3638,17 +3647,17 @@ nsFlexContainerFrame::DoFlexLayout(nsPre if (aAxisTracker.AreAxesInternallyReversed()) { nscoord lastLineBaselineOffset = lines.getLast()->GetBaselineOffset(); if (lastLineBaselineOffset == nscoord_MIN) { // No baseline-aligned items in line. Use sentinel value to prompt us to // get baseline from the last FlexItem after we've reflowed it. flexContainerAscent = nscoord_MIN; } else { flexContainerAscent = - ComputePhysicalAscentFromLogicalAscent( + ComputePhysicalAscentFromFlexRelativeAscent( crossAxisPosnTracker.GetPosition() - lastLineBaselineOffset, contentBoxCrossSize, aReflowState, aAxisTracker); } } // Before giving each child a final reflow, calculate the origin of the // flex container's content box (with respect to its border-box), so that // we can compute our flex item's final positions. @@ -3660,30 +3669,30 @@ nsFlexContainerFrame::DoFlexLayout(nsPre nscoord containerWidth = IsAxisHorizontal(aAxisTracker.GetMainAxis()) ? aContentBoxMainSize : contentBoxCrossSize; // FINAL REFLOW: Give each child frame another chance to reflow, now that // we know its final size and position. for (const FlexLine* line = lines.getFirst(); line; line = line->getNext()) { for (const FlexItem* item = line->GetFirstItem(); item; item = item->getNext()) { - nsPoint physicalPosn = aAxisTracker.PhysicalPointFromLogicalPoint( + nsPoint physicalPosn = aAxisTracker.PhysicalPointFromFlexRelativePoint( item->GetMainPosition(), item->GetCrossPosition(), aContentBoxMainSize, contentBoxCrossSize); // Adjust physicalPosn to be relative to the container's border-box // (i.e. its frame rect), instead of the container's content-box: physicalPosn += containerContentBoxOrigin; //XXX Can we calculate the logical position more directly instead // of this double conversion? nsSize finalFlexedPhysicalSize = - aAxisTracker.PhysicalSizeFromLogicalSizes(item->GetMainSize(), - item->GetCrossSize()); + aAxisTracker.PhysicalSizeFromFlexRelativeSizes(item->GetMainSize(), + item->GetCrossSize()); LogicalPoint framePos(outerWM, physicalPosn, containerWidth - finalFlexedPhysicalSize.width - item->GetBorderPadding().LeftRight()); // (Intentionally snapshotting this before ApplyRelativePositioning, to // maybe use for setting the flex container's baseline.) const nscoord itemNormalBPos = framePos.B(outerWM); @@ -3721,18 +3730,18 @@ nsFlexContainerFrame::DoFlexLayout(nsPre if (item->Frame() == mFrames.FirstChild() && flexContainerAscent == nscoord_MIN) { flexContainerAscent = itemNormalBPos + item->ResolvedAscent(); } } } nsSize desiredContentBoxSize = - aAxisTracker.PhysicalSizeFromLogicalSizes(aContentBoxMainSize, - contentBoxCrossSize); + aAxisTracker.PhysicalSizeFromFlexRelativeSizes(aContentBoxMainSize, + contentBoxCrossSize); aDesiredSize.Width() = desiredContentBoxSize.width + containerBorderPadding.LeftRight(); // Does *NOT* include bottom border/padding yet (we add that a bit lower down) aDesiredSize.Height() = desiredContentBoxSize.height + containerBorderPadding.top; if (flexContainerAscent == nscoord_MIN) {",CODE_IMPLEMENTATION,1
1104875,2,Attached image unresponsive-script.png — Details,AUTO_ATTACH_SCREENSHOT,0
1104875,9,Attached patch Ellipsize long unresponsive script locations so they don't make the slow script dialog too big (obsolete) — Details — Splinter Review,AUTO_ATTACH_CODE_IMPLEMENTATION,0
1071367,6,Attached patch Thing that fixes the bug (obsolete) — Details — Splinter Review,AUTO_ATTACH_CODE_IMPLEMENTATION,0
1071367,7,Attached patch Real patch — Details — Splinter Review,AUTO_ATTACH_CODE_IMPLEMENTATION,0
1324053,3,Attached patch Ensure that speculative connect and DNS prefetching aren't disabled when annotating tracking channels — Details — Splinter Review,AUTO_ATTACH_CODE_IMPLEMENTATION,0
1319370,17,Attached patch m-b — Details — Splinter Review,AUTO_ATTACH_CODE_IMPLEMENTATION,0
1314193,2,Attached patch return-begin-transaction-fails — Details — Splinter Review,AUTO_ATTACH_CODE_IMPLEMENTATION,0
1306719,4,Attached patch fix-MemoryProtectionExceptionHandler.patch — Details — Splinter Review,AUTO_ATTACH_CODE_IMPLEMENTATION,0
1300206,2,Attached file log of build errors being fixed here — Details,AUTO_ATTACH_ERROR_MESSAGE,0
1262069,3,Attached patch Wrap promise resolution values before storing — Details — Splinter Review,AUTO_ATTACH_CODE_IMPLEMENTATION,0
1253884,2,Attached patch neg-zero — Details — Splinter Review,AUTO_ATTACH_CODE_IMPLEMENTATION,0
837955,4,Attached patch fix — Details — Splinter Review,AUTO_ATTACH_CODE_IMPLEMENTATION,0
783505,8,Attached patch fix gcc 4.2 build. — Details — Splinter Review,AUTO_ATTACH_CODE_IMPLEMENTATION,0
752781,7,Attached patch fix test — Details — Splinter Review,AUTO_ATTACH_CODE_IMPLEMENTATION,0
722137,2,Attached file testcase — Details,AUTO_ATTACH_TEST_CASES,0
722137,5,Attached patch Test — Details — Splinter Review,AUTO_ATTACH_CODE_IMPLEMENTATION,0
1184282,5,"The associated comment: > // This can happen ... there is no guarantee that our linebreaking rules > // align with the platform's idea of what constitutes a cluster. seems to indicate that this is unfortunate, yet expected behavior. Perhaps we should just remove the warning.",PROBLEM_REVIEW,0
1184282,7,Attached patch Remove break suggested inside cluster warning — Details — Splinter Review,AUTO_ATTACH_CODE_IMPLEMENTATION,0
1111046,3,Attached patch patch — Details — Splinter Review,AUTO_ATTACH_CODE_IMPLEMENTATION,0
1189924,4,Attached image Screenshot 2015-07-31 16.44.18.png — Details,AUTO_ATTACH_SCREENSHOT,0
1184945,3,Attached patch Patch — Details — Splinter Review,AUTO_ATTACH_CODE_IMPLEMENTATION,0
1055843,2,Attached patch Fix to existing mochitest to make it fail properly (obsolete) — Details — Splinter Review,AUTO_ATTACH_CODE_IMPLEMENTATION,0
1055843,3,Attached file Simple test case — Details,AUTO_ATTACH_TEST_CASES,0
1252039,2,"The Static Analysis tool Coverity added that in the following context: >> default: >> MOZ_ASSERT(aToken1 == eCSSTokenSerialization_Nothing || >> aToken1 == eCSSTokenSerialization_Whitespace || >> aToken1 == eCSSTokenSerialization_Percentage || >> aToken1 == eCSSTokenSerialization_URL_or_BadURL || >> aToken1 == eCSSTokenSerialization_Function || >> aToken1 == eCSSTokenSerialization_CDC || >> aToken1 == eCSSTokenSerialization_Symbol_OpenParen || >> aToken1 == eCSSTokenSerialization_Symbol_Question || >> aToken1 == eCSSTokenSerialization_Symbol_Assorted || >> aToken1 == eCSSTokenSerialization_Symbol_Asterisk || >> aToken1 == eCSSTokenSerialization_Symbol_Equals || >> aToken1 == eCSSTokenSerialization_Symbol_Bar || >> aToken1 == eCSSTokenSerialization_Symbol_Slash || >> aToken1 == eCSSTokenSerialization_Other || >> ""unexpected nsCSSTokenSerializationType value""); >> return false; operands don't affect the result since |""unexpected nsCSSTokenSerializationType value""| will always translate to a valid memory address thus the MOZ_ASSERT becoming useless.",PROBLEM_MOTIVATION,0
734506,2,Attached patch Fix bad throwing code v1 — Details — Splinter Review,AUTO_ATTACH_CODE_IMPLEMENTATION,0
874258,4,Attached patch warn — Details — Splinter Review,AUTO_ATTACH_CODE_IMPLEMENTATION,0
1024256,3,Attached patch Blacklist S3TC extension on OSX 10.9 Intel HD 3000 driver because of buggy glCompressedTexSubImage2D with sub-image update — Details — Splinter Review,AUTO_ATTACH_CODE_IMPLEMENTATION,0
759033,3,Attached file rename sed script — Details,AUTO_ATTACH_CODE_IMPLEMENTATION,0
713597,4,Attached file stack traces — Details,AUTO_ATTACH_STACK_TRACE,0
713597,7,Attached patch Patch - move assertions — Details — Splinter Review,AUTO_ATTACH_CODE_IMPLEMENTATION,0
1685379,2,Attached image Screenshot — Details,AUTO_ATTACH_SCREENSHOT,0
1670911,2,Attached image StrictVSStandard.png — Details,AUTO_ATTACH_SCREENSHOT,0
686900,2,Attached patch 2 - Move js_InitFunctionClass to GlobalObject code — Details — Splinter Review,AUTO_ATTACH_CODE_IMPLEMENTATION,0
686900,3,Attached patch 3 - Rewrite js_InitFunctionAndObjectClasses — Details — Splinter Review,AUTO_ATTACH_CODE_IMPLEMENTATION,0
852135,2,Attached patch Patch v1 (obsolete) — Details — Splinter Review,AUTO_ATTACH_CODE_IMPLEMENTATION,0
852135,3,Attached patch Patch v1.1 (obsolete) — Details — Splinter Review,AUTO_ATTACH_CODE_IMPLEMENTATION,0
852135,4,Attached patch Patch v1.2 (obsolete) — Details — Splinter Review,AUTO_ATTACH_CODE_IMPLEMENTATION,0
852135,6,Attached patch Part a: Reindent some code in nsDOMAttributeMap — Details — Splinter Review,AUTO_ATTACH_CODE_IMPLEMENTATION,0
852135,7,Attached patch Part a -w — Details — Splinter Review,AUTO_ATTACH_CODE_IMPLEMENTATION,0
852135,8,Attached patch Part b: Get rid of some explicit namespace qualifications — Details — Splinter Review,AUTO_ATTACH_CODE_IMPLEMENTATION,0
852135,9,Attached patch Part c: Implement the remainder of the WebIDL API — Details — Splinter Review,AUTO_ATTACH_CODE_IMPLEMENTATION,0
852135,10,"Attached patch Part d: Move to WebIDL bindings, remove CI and QS — Details — Splinter Review",AUTO_ATTACH_CODE_IMPLEMENTATION,0
869069,2,Attached patch Patch v1 — Details — Splinter Review,AUTO_ATTACH_CODE_IMPLEMENTATION,0
855335,9,Attached patch Patch for testing only. Sends logging to printf — Details — Splinter Review,AUTO_ATTACH_CODE_IMPLEMENTATION,0
855335,10,Attached patch Signaling - fix Wformat warnings in logging (obsolete) — Details — Splinter Review,AUTO_ATTACH_CODE_IMPLEMENTATION,0
855335,11,Attached patch Signaling - fix Wformat warnings in logging — Details — Splinter Review,AUTO_ATTACH_CODE_IMPLEMENTATION,0
855335,16,Attached patch Patch 2 - Signaling fix warnings format-extra-args and format-security — Details — Splinter Review,AUTO_ATTACH_CODE_IMPLEMENTATION,0
1340967,4,Attached image aligned_search_label.png — Details,AUTO_ATTACH_SCREENSHOT,0
1179123,18,Attached patch mochitest patch — Details — Splinter Review,AUTO_ATTACH_CODE_IMPLEMENTATION,0
1421905,2,Attached image synced-tabs-sidebar-is-blank.png — Details,AUTO_ATTACH_SCREENSHOT,0
1249818,4,This is regression from bug 1219215 (presumably). Regression range: > https://hg.mozilla.org/integration/fx-team/pushloghtml?fromchange=be27e36ce427df475b3ff827d8c0258c1c34c5b5&tochange=a67a25a5af7446d8ae9beb453bcfa12be368fcef,PROBLEM_LOCALIZATION,0
1249818,25,Attached patch patch — Details — Splinter Review,AUTO_ATTACH_CODE_IMPLEMENTATION,0
1097236,2,Attached image twoarrows.png — Details,AUTO_ATTACH_SCREENSHOT,0
1097236,6,Attached patch Patch (obsolete) — Details — Splinter Review,AUTO_ATTACH_CODE_IMPLEMENTATION,0
1073339,13,"Attached patch 0001-Bug-1073339-Enable-autocomplete-tests-for-Linux-and-.patch, v2 (obsolete) — Details — Splinter Review",AUTO_ATTACH_CODE_IMPLEMENTATION,0
1073339,14,"Attached patch 0002-Bug-1073339-Convert-from-CRLF-to-LF-for-autocomplete.patch, v2 (obsolete) — Details — Splinter Review",AUTO_ATTACH_CODE_IMPLEMENTATION,0
1073339,23,"Attached patch 0001-Bug-1073339-Enable-autocomplete-tests-for-Linux-and-.patch, v4 — Details — Splinter Review",AUTO_ATTACH_CODE_IMPLEMENTATION,0
948882,39,Attached patch bug_final.patch — Details — Splinter Review,AUTO_ATTACH_CODE_IMPLEMENTATION,0
794101,3,Attached patch Update pdf.js to version 0.5.184 — Details — Splinter Review,AUTO_ATTACH_CODE_IMPLEMENTATION,0
682449,5,Attached patch v1 — Details — Splinter Review,AUTO_ATTACH_CODE_IMPLEMENTATION,0
989204,2,Attached patch Patch (obsolete) — Details — Splinter Review,AUTO_ATTACH_CODE_IMPLEMENTATION,0
957093,2,Attached patch namespace consistency for netwerk/protocol/http — Details — Splinter Review,AUTO_ATTACH_CODE_IMPLEMENTATION,0
939475,5,Attached patch Patch (v2) (obsolete) — Details — Splinter Review,AUTO_ATTACH_CODE_IMPLEMENTATION,0
939475,9,Attached patch Patch with review comments addressed. r=luke — Details — Splinter Review,AUTO_ATTACH_CODE_IMPLEMENTATION,0
937475,3,Attached file buffer-source-stop-rate-2.html — Details,AUTO_ATTACH_TEST_CASES,0
937475,5,Attached patch change DURATION from end-offset to duration and compare buffer length using integer sample count — Details — Splinter Review,AUTO_ATTACH_CODE_IMPLEMENTATION,0
937475,6,Attached patch separate stream position from buffer position so that stop time can use stream position — Details — Splinter Review,AUTO_ATTACH_CODE_IMPLEMENTATION,0
919434,2,Attached file testcase — Details,AUTO_ATTACH_TEST_CASES,0
919434,4,Attached file stack+ — Details,AUTO_ATTACH_STACK_TRACE,0
919434,5,Attached file cycle creation stack — Details,AUTO_ATTACH_STACK_TRACE,0
912496,2,Attached patch Store source file names only once in tracelogging.log and refer to them by auto-incrementing id after that. (obsolete) — Details — Splinter Review,AUTO_ATTACH_CODE_IMPLEMENTATION,0
912496,15,(In reply to Till Schneidereit [:till] from comment #3),CODE_REVIEW,0
906912,4,"Attached patch Part 2, v1: Add move constructors to mozilla::LinkedList and mozilla::LinkedListElement. (obsolete) — Details — Splinter Review",AUTO_ATTACH_CODE_IMPLEMENTATION,0
906912,11,"Attached patch Patch, v2 (now with C++11 move) (obsolete) — Details — Splinter Review",AUTO_ATTACH_CODE_IMPLEMENTATION,0
906912,15,"Well, this is assuming that this overload >+inline typename RemoveReference<T>::Type&& >+Move(T&& t) plays well with our current definition of mozilla::Move. If we ever call mozilla::Move() with an rvalue, this new overload will be hit, and then things won't compile. Given that this new Move and the existing mozilla::Move are completely different idioms, I'm not sure it makes sense for them to be overloads of each other...",POTENTIAL_SOLUTION_DESIGN,1
894646,2,Attached patch Patch — Details — Splinter Review,AUTO_ATTACH_CODE_IMPLEMENTATION,0
894646,29,{},CODE_REVIEW,0
894646,34,Attached patch Addressing review comments — Details — Splinter Review,AUTO_ATTACH_CODE_IMPLEMENTATION,0
894646,42,Attached patch Rebased patch — Details — Splinter Review,AUTO_ATTACH_CODE_IMPLEMENTATION,0
894646,54,{},CODE_REVIEW,0
894646,55,{},CODE_REVIEW,0
601999,2,Attached file testcase (crashes Firefox when loaded) — Details,AUTO_ATTACH_TEST_CASES,0
601912,11,Attached patch Implement <ol reversed>. (obsolete) — Details — Splinter Review,AUTO_ATTACH_CODE_IMPLEMENTATION,0
601912,19,Attached patch With a test for appending (obsolete) — Details — Splinter Review,AUTO_ATTACH_CODE_IMPLEMENTATION,0
601912,21,Attached patch With some assertions also fixed so this passes tests (obsolete) — Details — Splinter Review,AUTO_ATTACH_CODE_IMPLEMENTATION,0
601912,22,Attached patch Implement <ol reversed>. (obsolete) — Details — Splinter Review,AUTO_ATTACH_CODE_IMPLEMENTATION,0
558970,5,Attached patch Patch v1.0 (-w) (obsolete) — Details — Splinter Review,AUTO_ATTACH_CODE_IMPLEMENTATION,0
558970,26,Attached patch Patch v2.1 — Details — Splinter Review,AUTO_ATTACH_CODE_IMPLEMENTATION,0
552914,17,Attached patch Patch v3.0 — Details — Splinter Review,AUTO_ATTACH_CODE_IMPLEMENTATION,0
691184,3,Attached patch Patch v1 (obsolete) — Details — Splinter Review,AUTO_ATTACH_CODE_IMPLEMENTATION,0
677173,12,Attached patch Remove the IDL properties for now — Details — Splinter Review,AUTO_ATTACH_CODE_IMPLEMENTATION,0
676248,5,Attached patch make it transparent (obsolete) — Details — Splinter Review,AUTO_ATTACH_CODE_IMPLEMENTATION,0
634654,23,"Attached patch Cache |RegExpPrivate|s, purge cache on global GC. — Details — Splinter Review",AUTO_ATTACH_CODE_IMPLEMENTATION,0
1190676,2,"> #01: mozilla::MediaStreamGraphImpl::OneIteration(long long, long long, long long, long long) [dom/media/MediaStreamGraph.cpp:1514] > #02: mozilla::ThreadedDriver::RunThread() [dom/media/GraphDriver.cpp:302] > #03: mozilla::MediaStreamGraphInitThreadRunnable::Run() [dom/media/GraphDriver.cpp:209] > #04: nsThread::ProcessNextEvent(bool, bool*) [xpcom/threads/nsThread.cpp:867] > #05: NS_ProcessNextEvent(nsIThread*, bool) [xpcom/glue/nsThreadUtils.cpp:277] > #06: mozilla::ipc::MessagePumpForNonMainThreads::Run(base::MessagePump::Delegate*) [ipc/glue/MessagePump.cpp:326] > #07: MessageLoop::RunInternal() [ipc/chromium/src/base/message_loop.cc:235] > #08: MessageLoop::Run() [ipc/chromium/src/base/message_loop.cc:520] > #09: nsThread::ThreadFunc(void*) [xpcom/threads/nsThread.cpp:362] > #10: _pt_root [nsprpub/pr/src/pthreads/ptthread.c:215]",STACK_TRACE,0
1190676,6,Attached patch Part 1 - Use the right MediaStreamGraph when setting a MediaStream as mozSrcStream on an HTMLMediaElement. r= — Details — Splinter Review,AUTO_ATTACH_CODE_IMPLEMENTATION,0
1190676,9,Attached patch Part 4 - Fix consumers: CanvasCaptureMediaStream. r= — Details — Splinter Review,AUTO_ATTACH_CODE_IMPLEMENTATION,0
1190676,11,Attached patch Part 6 - Fix consumers: MediaManager. r= — Details — Splinter Review,AUTO_ATTACH_CODE_IMPLEMENTATION,0
1190676,14,Attached patch Part 8 - Fix consumers: CameraPreviewMediaStream. r= — Details — Splinter Review,AUTO_ATTACH_CODE_IMPLEMENTATION,0
1190676,15,Attached patch Part 9 - Fix consumers: AudioCapture. r= — Details — Splinter Review,AUTO_ATTACH_CODE_IMPLEMENTATION,0
1190676,16,Attached patch Part 10 - Fix consumers: AudioDestinationNode. r= — Details — Splinter Review,AUTO_ATTACH_CODE_IMPLEMENTATION,0
1190676,17,Attached patch Part 11 - Fix consumers: Web Speech. r= — Details — Splinter Review,AUTO_ATTACH_CODE_IMPLEMENTATION,0
1118599,4,Attached patch remove-MOZILLA_PKIX_ENUM_CLASS.patch — Details — Splinter Review,AUTO_ATTACH_CODE_IMPLEMENTATION,0
735312,30,Attached patch (AAv1) Remove MIGRATION_BUNDLE leftover [Checked in: Comment 27] — Details — Splinter Review,AUTO_ATTACH_CODE_IMPLEMENTATION,0
916390,13,Attached patch Remove __SS_formDataSaved — Details — Splinter Review,AUTO_ATTACH_CODE_IMPLEMENTATION,0
1079905,2,Attached image greenbuttons.jpg — Details,AUTO_ATTACH_SCREENSHOT,0
1079905,4,Attached image loop-button-options.png — Details,AUTO_ATTACH_POTENTIAL_SOLUTION_DESIGN,0
1325297,3,Attached patch create StartDecodingWithResult — Details — Splinter Review,AUTO_ATTACH_CODE_IMPLEMENTATION,0
1325297,4,Attached patch Use the result of StartDecodingWithResult during painting — Details — Splinter Review,AUTO_ATTACH_CODE_IMPLEMENTATION,0
1316964,3,Attached patch Make the append and assign methods on the rust nsstring types more generic — Details — Splinter Review,AUTO_ATTACH_CODE_IMPLEMENTATION,0
1268252,2,Attached patch runnable3.patch — Details — Splinter Review,AUTO_ATTACH_CODE_IMPLEMENTATION,0
1261576,12,Attached video gtk3-scrollbars-comparison.mp4 — Details,AUTO_ATTACH_SCREENSHOT,0
1261576,23,Attached patch patch for check-in — Details — Splinter Review,AUTO_ATTACH_CODE_IMPLEMENTATION,0
1217192,3,Attached patch Use gfxCriticalNote where appropriate for brevity. (obsolete) — Details — Splinter Review,AUTO_ATTACH_CODE_IMPLEMENTATION,0
1217192,4,Attached patch Use gfxCriticalNote where appropriate for brevity. — Details — Splinter Review,AUTO_ATTACH_CODE_IMPLEMENTATION,0
1092808,7,"The stack to the pref observer being called in this scenario is the following: > nsPrefBranch::NotifyObserver(char const*, void*) at /Users/gavin/mozilla/mozilla-central/modules/libpref/nsPrefBranch.cpp:695 > pref_DoCallback(char const*) at /Users/gavin/mozilla/mozilla-central/modules/libpref/prefapi.cpp:975 > pref_HashPref(char const*, PrefValue, PrefType, unsigned int) at /Users/gavin/mozilla/mozilla-central/modules/libpref/prefapi.cpp:823 > PREF_ReaderCallback at /Users/gavin/mozilla/mozilla-central/modules/libpref/prefapi.cpp:1010 > pref_DoCallback(PrefParseState*) at /Users/gavin/mozilla/mozilla-central/modules/libpref/prefread.cpp:132 > PREF_ParseBuf at /Users/gavin/mozilla/mozilla-central/modules/libpref/prefread.cpp:524 > mozilla::openPrefFile(nsIFile*) at /Users/gavin/mozilla/mozilla-central/modules/libpref/Preferences.cpp:1049 > mozilla::Preferences::ReadAndOwnUserPrefFile(nsIFile*) at /Users/gavin/mozilla/mozilla-central/modules/libpref/Preferences.cpp:903 > mozilla::Preferences::UseDefaultPrefFile() at /Users/gavin/mozilla/mozilla-central/modules/libpref/Preferences.cpp:827 > mozilla::Preferences::ReadUserPrefs(nsIFile*) at /Users/gavin/mozilla/mozilla-central/modules/libpref/Preferences.cpp:624 > mozilla::Preferences::ResetAndReadUserPrefs() at /Users/gavin/mozilla/mozilla-central/modules/libpref/Preferences.cpp:577 > nsXREDirProvider::DoStartup() at /Users/gavin/mozilla/mozilla-central/toolkit/xre/nsXREDirProvider.cpp:823 > XREMain::XRE_mainRun() at /Users/gavin/mozilla/mozilla-central/toolkit/xre/nsAppRunner.cpp:3997 > XREMain::XRE_main(int, char**, nsXREAppData const*) at /Users/gavin/mozilla/mozilla-central/toolkit/xre/nsAppRunner.cpp:4187 > XRE_main at /Users/gavin/mozilla/mozilla-central/toolkit/xre/nsAppRunner.cpp:4407 > do_main(int, char**, nsIFile*) at /Users/gavin/mozilla/mozilla-central/browser/app/nsBrowserApp.cpp:287 > main at /Users/gavin/mozilla/mozilla-central/browser/app/nsBrowserApp.cpp:656",STACK_TRACE,0
658675,7,Attached patch v1 (obsolete) — Details — Splinter Review,AUTO_ATTACH_CODE_IMPLEMENTATION,0
857034,2,Attached patch patch — Details — Splinter Review,AUTO_ATTACH_CODE_IMPLEMENTATION,0
1074012,2,Attached patch part 1 - Temporarily expose some gfxContext fill/stroke API to help with porting to Moz2D (obsolete) — Details — Splinter Review,AUTO_ATTACH_CODE_IMPLEMENTATION,0
1074012,3,Attached patch part 2 - Mark gfxPattern::GetPattern's DrawTarget parameter as const — Details — Splinter Review,AUTO_ATTACH_CODE_IMPLEMENTATION,0
1074012,4,Attached patch part 1 - Temporarily expose some gfxContext fill/stroke API to help with porting to Moz2D — Details — Splinter Review,AUTO_ATTACH_CODE_IMPLEMENTATION,0
1074012,5,Attached patch part 3 - Make nsSVGUtils::MakeFillPatternFor/MakeStrokePatternFor return using a Moz2D GeneralPattern out-param rather than a Thebes gfxPattern — Details — Splinter Review,AUTO_ATTACH_CODE_IMPLEMENTATION,0
1390087,4,Attached file Detailed Crash Information — Details,AUTO_ATTACH_STACK_TRACE,0
1048721,3,Attached patch Implement WebGL2Sync. — Details — Splinter Review,AUTO_ATTACH_CODE_IMPLEMENTATION,0
1048721,6,Attached patch Address review comments. — Details — Splinter Review,AUTO_ATTACH_CODE_IMPLEMENTATION,0
1405027,2,Attached patch Avoid using nsINode::GetChildAt() in HTMLEditor::GetElementOrParentByTagName() — Details — Splinter Review,AUTO_ATTACH_CODE_IMPLEMENTATION,0
861246,3,Attached patch Fix IPC for fixed layer margins — Details — Splinter Review,AUTO_ATTACH_CODE_IMPLEMENTATION,0
626855,3,Attached patch Crash: trying to scroll HTML page with frameset — Details — Splinter Review,AUTO_ATTACH_CODE_IMPLEMENTATION,0
590389,3,Attached patch fix — Details — Splinter Review,AUTO_ATTACH_CODE_IMPLEMENTATION,0
1079321,2,Attached patch Patch (v1) — Details — Splinter Review,AUTO_ATTACH_CODE_IMPLEMENTATION,0
660762,3,Attached patch patch (obsolete) — Details — Splinter Review,AUTO_ATTACH_CODE_IMPLEMENTATION,0
660762,4,Review of attachment 536539 [details] [diff] [review]:,CODE_REVIEW,0
623742,2,Attached patch v1 — Details — Splinter Review,AUTO_ATTACH_CODE_IMPLEMENTATION,0
